CREATE DATABASE  IF NOT EXISTS `dbmsproj` /*!40100 DEFAULT CHARACTER SET utf8mb4 COLLATE utf8mb4_unicode_520_ci */ /*!80016 DEFAULT ENCRYPTION='N' */;
USE `dbmsproj`;
-- MySQL dump 10.13  Distrib 8.0.31, for Win64 (x86_64)
--
-- Host: localhost    Database: dbmsproj
-- ------------------------------------------------------
-- Server version	8.0.31

/*!40101 SET @OLD_CHARACTER_SET_CLIENT=@@CHARACTER_SET_CLIENT */;
/*!40101 SET @OLD_CHARACTER_SET_RESULTS=@@CHARACTER_SET_RESULTS */;
/*!40101 SET @OLD_COLLATION_CONNECTION=@@COLLATION_CONNECTION */;
/*!50503 SET NAMES utf8 */;
/*!40103 SET @OLD_TIME_ZONE=@@TIME_ZONE */;
/*!40103 SET TIME_ZONE='+00:00' */;
/*!40014 SET @OLD_UNIQUE_CHECKS=@@UNIQUE_CHECKS, UNIQUE_CHECKS=0 */;
/*!40014 SET @OLD_FOREIGN_KEY_CHECKS=@@FOREIGN_KEY_CHECKS, FOREIGN_KEY_CHECKS=0 */;
/*!40101 SET @OLD_SQL_MODE=@@SQL_MODE, SQL_MODE='NO_AUTO_VALUE_ON_ZERO' */;
/*!40111 SET @OLD_SQL_NOTES=@@SQL_NOTES, SQL_NOTES=0 */;

--
-- Table structure for table `admin`
--

DROP TABLE IF EXISTS `admin`;
/*!40101 SET @saved_cs_client     = @@character_set_client */;
/*!50503 SET character_set_client = utf8mb4 */;
CREATE TABLE `admin` (
  `Unique_ID` int NOT NULL,
  `adm_uname` varchar(255) NOT NULL,
  `adm_pass` varchar(255) NOT NULL DEFAULT 'svmartadmpass123',
  PRIMARY KEY (`adm_uname`),
  UNIQUE KEY `Unique_ID_UNIQUE` (`Unique_ID`),
  CONSTRAINT `admin_ibfk_1` FOREIGN KEY (`Unique_ID`) REFERENCES `users` (`Unique_ID`),
  CONSTRAINT `admin_ibfk_2` FOREIGN KEY (`Unique_ID`) REFERENCES `users` (`Unique_ID`)
) ENGINE=InnoDB DEFAULT CHARSET=utf8mb4 COLLATE=utf8mb4_0900_ai_ci;
/*!40101 SET character_set_client = @saved_cs_client */;

--
-- Dumping data for table `admin`
--

LOCK TABLES `admin` WRITE;
/*!40000 ALTER TABLE `admin` DISABLE KEYS */;
INSERT INTO `admin` VALUES (363,'aarenda2','gDqlB3ePjt6p'),(682,'aarkleix','nTwrhKRFvETN'),(530,'aavramchikep','ICdAGY'),(826,'aavramovmx','7mF2z2VRB44c'),(329,'abaudrey94','EFfJQ0rx'),(324,'abaulcombe8z','koUNn5'),(226,'abauman69','UmloF2A7'),(165,'abenoi4k','NKRPlRfxsPL'),(371,'abernardinoaa','jQIaCW'),(456,'abernolletcn','86XetJ'),(472,'abloand3','LSfNxRKVL'),(836,'aborleacen7','rmSdbMZ5xtlE'),(594,'aboswardgh','0XlGisHP66gT'),(913,'abramptonpc','QUm4JWwQ'),(735,'abrixhamke','Nn8IS2lq'),(996,'abrownbridgern','1Tzprc'),(755,'acameronky','A3QYuGrlQhO'),(605,'acavendishgs','wTM3n3P7a'),(195,'achurchill5e','L5pviYltc'),(38,'adartnell11','WQ8zBRLS'),(722,'aderhamk1','vbE4F5gKHh1'),(569,'adeversonfs','tObNtHdXn'),(572,'aduhamelfv','war0eFP'),(128,'adunaway3j','CVBXYD'),(413,'afidianbg','yyq1T45'),(584,'agadneyg7','fAbyhDRL3'),(498,'ageraldidt','MY7HHiuUFtD'),(663,'aghilardiniie','XZE4n7L3EU'),(971,'agleadhellqy','DS8Dja'),(136,'agonthier3r','NN1QsXCwq6S'),(790,'agronnolx','NcOKnr7'),(382,'aguslonal','ImJBWqM6x'),(992,'ahallenrj','YQAyeLBBxyJ'),(590,'ahannergd','pofm1X'),(966,'ahardingtonqt','4whuD2x'),(311,'ahargreave8m','KOAfys'),(319,'ahelbeck8u','u58XHtSEe'),(337,'aiacovo9c','qhfP8GF1giSl'),(568,'aitzigfr','RLbFeEv6o'),(985,'ajancarc','FpH5c02OQ'),(105,'ajore2w','4OqONSAKW5'),(639,'akernermannhq','5I2iZwiWYp1'),(536,'akhristoforovev','KSWiZDttSjXK'),(958,'akippingql','Uyt7oScrf'),(887,'akropachom','efyRRSbqs'),(817,'alaurischmo','DtlKgj'),(796,'aleavym3','jwHoMoQVV'),(293,'alente84','Q5cZIPHhRTs'),(79,'alisle26','lDLWZBNh'),(458,'aluetkemeyercp','ivJgpB4Ag'),(577,'amacnairg0','wl7dBz2hkXF'),(75,'amathou22','NK0JnksWDr'),(249,'ameenehan6w','6mlkvs3LzNC6'),(724,'amutchk3','DCFP6Vc5Sfb'),(111,'aodevey32','fPUCWBM'),(24,'aondrichn','t3QPMCPTD'),(783,'apaulettolq','ONnQlm'),(173,'apautard4s','U5e0EB7Qth'),(268,'apawden7f','NtOdKpaNqx'),(485,'aplowmandg','vX7ELFzOZUlF'),(692,'aputtickj7','51f1vsKS2O4n'),(402,'aputtockb5','Vwh2leML'),(612,'apypergz','RzmNGZHkeKp2'),(41,'aramble14','B6E5EhT7ZF0'),(758,'arickerl1','9w9KyX9c'),(764,'aroskrugl7','IvvUGvoz9zEN'),(635,'ascamadinhm','blmt7bGp'),(356,'asollon9v','Jdeeix1Da'),(29,'aspackmans','xiDsb91D'),(906,'astertp5','ZV6BPgiq9Xrv'),(20,'astuttej','0Rmb9FLY3'),(923,'aszachniewiczpm','K0DVTiIYjtp'),(941,'ataffsq4','8ZBmrujfoV'),(786,'athomtonlt','lC0xrv'),(547,'atocherf6','KzdQwnLnPF'),(940,'atorfinq3','pbYN9JA4qN'),(607,'atownsendgu','eHmBL6'),(484,'atrelevandf','UPBg5JF2t'),(951,'avashchenkoqe','h8OR2GzZSN'),(997,'averyardro','idVdKp8Svg8'),(419,'awarlowbm','cgYsl38hPxx5'),(135,'aweek3q','CRYGo0M'),(393,'awharbyaw','waNRtTC'),(395,'awindmillay','cxh1ECUYXCJ'),(72,'ayanne1z','p3Tc8zIX5B'),(687,'azapataj2','HyYivQfA'),(935,'bacostapy','pEN1V0iZVSLI'),(792,'bantonellilz','ubc46Lrmj7qH'),(725,'bbeisleyk4','Loa2UF8U'),(394,'bbharax','y4ZIijqgv'),(223,'bbonehill66','ZgJ4fCoSdl'),(614,'bbromellh1','iwUv3o8Zw'),(520,'bbuckhurstef','Pnn405B'),(439,'bclaptonc6','SQCH62pax'),(918,'bclaypoleph','h2pY2oOyH'),(813,'bcrabmk','GPwPjh4Iz'),(342,'bcreaser9h','g0NhYAUa'),(488,'bcrystaldj','Wwcr04k'),(340,'bdanskine9f','3PMZiWNzdL'),(936,'bdoverpz','mdQYjoAVOn'),(264,'bduferie7b','wMAJGKT7wFPV'),(455,'bdyecm','4Avsn8qdL8a'),(373,'bdyneac','4gCcy39i'),(158,'bealam4d','M7qzVwKNnphP'),(638,'besmeadhp','YTnPKQ3'),(43,'bgerran16','rYETvmw'),(267,'bharriskine7e','k0cZWE'),(860,'bjeandelnv','be1OKmg0Cra'),(286,'bkerswill7x','Lp8m7myM'),(346,'bkimberley9l','ilRoFqrR'),(835,'bkornackin6','1aeWU28kEc'),(228,'blacknor6b','VxPP2rORrT97'),(59,'blambertazzi1m','LWZQV1k8XL'),(269,'blaraway7g','LuID0szU9Vt'),(979,'blestranger6','jaJoGB3sVGM9'),(622,'blorentzenh9','VpWD2tk'),(325,'blummis90','clZhZzZU4G'),(688,'blunnyj3','SID7Lcvf'),(369,'bmarinia8','ONz49c'),(48,'bmawhinney1b','RQhtCmfZ84'),(188,'bmcclelland57','HC99MSiLtO'),(218,'bnendick61','5HJU2cCR5Q'),(1000,'bollcottrr','2avGpvGMmG'),(693,'bpeddowej8','1Q7QEVH'),(542,'bpetchef1','CKIUmRXrk'),(694,'browntreej9','wkxhmPh'),(636,'brubinshteinhn','mb0kcpcmqD8'),(477,'bryalld8','emR4fSaF2'),(198,'bsirmond5h','fVl4mY9PISWy'),(748,'bskelhornkr','peBGkoX3vo'),(201,'bstate5k','eD85bai2'),(186,'bstockle55','cZeZf3yT'),(710,'bstricklandjp','0gObwquZFU92'),(274,'bvalasek7l','Fn9REb2UAq'),(548,'bvasyuninf7','oRGmOtFU2I'),(588,'bwannesgb','wTwtc2wcm'),(407,'byappba','veWMRBz'),(355,'bybarra9u','g2m9FdXhvMk'),(858,'bzellnernt','wTXMkkiTi'),(977,'cakidr4','dqgh4Ar'),(434,'calcidec1','LhWKbm9'),(970,'caviesonqx','qkn2xhV'),(84,'cbalcock2b','jTu5T6Z'),(634,'cbaudinethl','UZ9IMZTP83o'),(651,'cbereclothi2','IaYO4hDpZP'),(193,'cberrill5c','a1qvXZ'),(882,'cberzinsoh','QA5z2B'),(206,'cbessant5p','C29IpL0'),(96,'cbrandino2n','uX96XfzP'),(397,'cbuistb0','dlDK6YQ'),(519,'ccallaghanee','IDl9gj4Wb'),(734,'ccampekd','SfJLqhFyg'),(861,'cchadwennw','11Q3NR7'),(921,'ccraisepk','A53lZz'),(898,'ccrozierox','nhD3M1l'),(469,'cdoolandd0','TxWIcVaBQ2M'),(358,'cdubois9x','29DdTr'),(779,'cdurrelllm','te6Ftce9StHs'),(566,'ceacottfp','hpU9IU'),(640,'celionhr','fBPGupZsm'),(454,'cfairbourncl','Vv8YCUw'),(973,'cfothergillr0','9PjoLZh'),(124,'cgaylord3f','vGt0hzQ'),(606,'cgellatelygt','PTsuy6xL'),(712,'cglandfieldjr','ilC9hZKprY'),(9,'cgoldstein8','dbMlsf0nu'),(411,'cgotterbe','fduBa2mWD3'),(133,'cgreschik3o','wEPaunpcNq2'),(429,'chaddacksbw','ieweSc3ZT2j'),(762,'cholmesl5','4ayfEFkR4'),(396,'cingeraz','OJ06mL6s'),(256,'cjasiak73','bJvaPNxHp8I'),(18,'cjulyh','HA7Od29a1FN'),(299,'cklaas8a','vKaQQH2K'),(623,'cklossha','IH3IrZk'),(721,'ckolakowskik0','KWxgeeJkwhJ'),(794,'ckornelm1','wFMA2U6'),(255,'ckramer72','W80Ic6Yj'),(571,'clagofu','UUQIetJUHQer'),(245,'clamberts6s','gMQ82PeA'),(28,'clankfordr','OvramxcWyfN'),(531,'clorrimereq','896XwI5'),(77,'cmagister24','fqpzLa'),(908,'cmanserp7','QpQvKGtBwio'),(85,'cmanus2c','iyptf0Jw'),(990,'cmarflittrh','zEP9US3GK'),(741,'cmattiolikk','s4TRQW4Sa'),(829,'cminguetn0','SLV1JzP'),(704,'cmoorcraftjj','WYlX4l0oh7H9'),(391,'cnevinsonau','2ISblT2'),(910,'coakenfordp9','GZWJ1hnHFF'),(308,'cpavis8j','T7c0ymz4lpU'),(894,'cpeasgoodot','Z5t7KP'),(552,'cpedronifb','juIdm7BNCghW'),(467,'cpeirsoncy','GS1OgS8AQm3e'),(832,'cpelosin3','VDOpUtdM'),(555,'cperrynfe','oAv1aINeZW'),(231,'cpetigrew6e','EsgFn0u7aiys'),(777,'cpineauxlk','k4IwdCi'),(360,'cpoulgreen9z','mPsCuga'),(771,'cprestle','dBCNPJs'),(553,'cpurkissfc','yCWtCk'),(423,'cpuviabq','CacZoA9fL'),(204,'crobertz5n','GDlqeax'),(644,'crobinettehv','BPlz59zEg'),(283,'csagar7u','f761L3DAe6os'),(900,'csaphoz','ojZ7teJ'),(303,'csawden8e','Z0exIlDklpab'),(141,'cseydlitz3w','ZnhXgl4UkO8W'),(27,'cshaveq','XBkURM'),(330,'csheach95','z1m8WV0MU'),(535,'csheridaneu','PsOWXVq'),(927,'csilverspq','xTO6Q0Y'),(669,'csomersettik','jncuF4DxeTvY'),(871,'cspohrmanno6','Dwd1bNu'),(157,'ctunstall4c','cQVEjTjdRb'),(537,'cvasiliuew','cQqsur1F9A'),(658,'cventumi9','Q4WnVHKyYw'),(968,'cviccaryqv','hFIUtQ'),(538,'cwathenex','ekmmGbpNDg'),(698,'cwhifenjd','gK0bzxG1'),(998,'cwinhamrp','I6fiXufazAB'),(320,'cwithnall8v','bTBRPTlY55D'),(338,'cworman9d','PYYnCm'),(197,'cyurtsev5g','Ud4eryy2d'),(473,'dandrusd4','sjOizI5B'),(945,'dansellq8','0PU4B7EG7s4O'),(720,'daultjz','QRFSnaQ87f'),(97,'dbase2o','l4jE1dnGFx'),(258,'dbelitz75','uZqsQhyTQSQt'),(529,'dbignoldeo','HWBiIUqB4'),(872,'dbrenneno7','dcg7UO'),(743,'dbridelkm','rzs37AAMwzh'),(381,'dbriknerak','odhfb8'),(117,'dbruneau38','gA3OYvBsqOp'),(672,'dcasebornein','DRqziYl1Pdst'),(914,'dcharlesworthpd','spRsdRvK'),(880,'dchinnof','FuJkk4HmRB'),(980,'dcleaverr7','g0kf37nN'),(627,'dcommussohe','vcb4GnGZO'),(119,'dcowerd3a','G0jkWAv0j'),(596,'ddahillgj','xKCSspipZ'),(352,'ddawidowitz9r','tYp6N72'),(751,'ddelunaku','1p5ZaCbCj'),(291,'ddener82','eaWjDSuBcG'),(514,'dfortiee9','mg7dTIxf'),(389,'dgreenanas','wIGFlU'),(281,'dgripton7s','rTsZUKJIyPII'),(213,'dhammersley5w','c9p1d7'),(754,'dhearnahkx','8HyesHqPR'),(131,'dhubball3m','yzVOmp'),(820,'dhuytonmr','ukCzfhH'),(348,'dhyland9n','IcrFNRy0N'),(353,'disenor9s','g3NFtS8z'),(408,'dkamiyamabb','DwxMyM'),(789,'dkrautlw','QceMuJiT4seg'),(831,'dkrishtopaittisn2','NdxFYgRuL4Zo'),(491,'dlacknordm','Jw9Srxa'),(170,'dluisetti4p','e5PUxo0jrFt'),(544,'dmacgilfoylef3','WNGsVDb3LN15'),(331,'dmila96','hM3qTvTC1hZC'),(298,'dmosdall89','NWYEt5hoejB'),(812,'dmuscroftmj','vOubVG4uI29'),(359,'docannavan9y','kqDqn742UdH'),(738,'dparkissonkh','5q0EwYlq8ZV'),(543,'dpavekf2','2ixyy9lBw'),(551,'dpetworthfa','Gpi868xVCh'),(237,'dpinchen6k','en4SL5lN'),(579,'dpinckardg2','XBxwyvFs'),(101,'dsaxby2s','sOc8Wx7'),(399,'dsnarrb2','XJRa8PUN'),(631,'dstickelhi','GJErAD5zCq'),(392,'dtemplmanav','SihtEa'),(963,'dwalczynskiqq','ucQRRyrbsYO'),(192,'dwashbrook5b','T2nZCyIfGz4'),(125,'eagget3g','QVmTXrAPJcko'),(126,'ealabastar3h','SKN9q0GlFGoe'),(314,'easquith8p','DNJb5JM'),(233,'ebannon6g','sOAmHz5aj'),(4,'ebathowe3','AgI1NLe'),(116,'ebelvard37','4fWfxlT63em'),(505,'ebertine0','cyLfJw5V'),(523,'eborhamei','wwiKfeObmYA'),(335,'ebrashaw9a','pMr6FVl4LDBQ'),(575,'ebrazelfy','WBGzCWA0e64'),(803,'ebrolechanma','HLJmqLI'),(54,'ebynold1h','vFZlSqQC1hT'),(309,'ecamies8k','bW2ZeTSnR6'),(670,'ecluffil','yULsKN'),(731,'ecommingska','ASMQOUyNIPe'),(492,'econnealydn','GIDlgjshv8'),(424,'edescoffierbr','VyuO1PGYEG'),(318,'edietz8t','NaLMd7RA'),(589,'eframegc','P7NwocaALO'),(946,'egarrodq9','ZxNKKh'),(350,'eglennie9p','CERxCxdKykB'),(57,'egoodwell1k','7cIeXg'),(713,'egreystockjs','AvoJLZf'),(343,'egroll9i','ug95Yu73b2x'),(664,'eguddeif','tu7v1i2hHg'),(563,'ehoffm','2LFPece'),(853,'eholdno','pCNQv6nziaaf'),(516,'ehowchineb','b6mO0p4'),(922,'ehugnetpl','B5nJjsHmOJy5'),(828,'ehutchinsmz','OphQBpo9YOdR'),(99,'eivanishchev2q','ViTEOD'),(901,'ejancicp0','wo0Axom4q'),(91,'ejansey2i','rbrjQD'),(522,'ejoseyeh','El4njg6xu'),(248,'ekennifick6v','BOk926RnH6'),(137,'ekoschek3s','7R7BocHzK0'),(271,'elilleycrop7i','6uWJtkyk9'),(70,'elilleyman1x','maYT3ydFmBp'),(10,'elode9','tbh6QGCufSN'),(332,'elots97','lXKj3Ic'),(723,'emallabark2','QoJPK0KLCnl'),(312,'emclane8n','NHocEtRsq'),(673,'eorpenio','xVAMaiv5m'),(896,'epalluschekov','RM1b6mkaqV'),(892,'epeplowor','0z2xoSEEhTQ'),(251,'eritmeier6y','mWX5qP0x6N2'),(219,'erumford62','jhHHWFnPn'),(661,'esarsonsic','dbDIBMPJzt'),(558,'escimonefh','MPY5h2W'),(604,'escuphamgr','KWQ955AgSDjz'),(668,'eseylerij','rKC5H0wV'),(808,'esponermf','2LMCsXoEo20'),(143,'etace3y','fdAoULgX'),(501,'falleburtondw','Xc8A0rCBCppo'),(364,'fbartleeta3','W4pNoM'),(375,'fbealsae','egUedokP'),(276,'fbellocht7n','87BwEi'),(497,'fblazewiczds','kGaeGM'),(32,'fchattov','jceUtLc0'),(615,'fchoffinh2','pZAELigAeS'),(166,'fclowser4l','0iICmiCrP95O'),(16,'fdefrainef','6DBpclFP'),(583,'fenterleing6','Gl5pRz'),(139,'fglaves3u','7waypo'),(88,'fgregersen2f','I7jrc6Hzkx3A'),(716,'fhannantjv','VrohPtj'),(550,'fiddensf9','FUpgeNV'),(533,'fkubicaes','MXK7yckmd'),(617,'fkynstonh4','hOh75kg'),(12,'flappinb','iY1sDp'),(781,'fmiliffelo','BAV5uPC0PbFA'),(453,'fmortelck','f66hKTDx6'),(47,'foluby1a','Hyin8QHi5ai'),(322,'fpallesen8x','Q67u6DBCf'),(272,'fpuddan7j','Ttq61A2'),(870,'fqueyoso5','aJGPykiy6'),(788,'fshermorelv','lre9omLQ'),(511,'ftwiddye6','Lbuoktci1Y'),(969,'fvigiettiqw','3xSTrjnwCP'),(113,'fvinick34','EUk1QywWI5KJ'),(279,'fwiddowson7q','oNCH5B'),(625,'gambrosehc','SBSTfFNXZV0'),(745,'gawdryko','fqIgAp9RvMF0'),(869,'gayriso4','UvdLi519'),(778,'gbariballl','fSYX4eNF61'),(925,'gbibbypo','UGsUuxHudTma'),(504,'gbrasierdz','RIy2o7nZx'),(51,'gcalrow1e','4DgUOnWti'),(292,'gcastagne83','GRLLXqBIp'),(729,'gchicottik8','eum3EaSAaG'),(674,'gchristieip','rVpS7PhJ7Vy'),(742,'gchuggkl','3jnNfxcV3'),(310,'gcraigg8l','uKgRWjPwZG'),(545,'gcristolf4','mGmtuBj6'),(161,'gdabney4g','xGwXuV'),(205,'gdreelan5o','psyodfO'),(93,'gdrever2k','9rIXNN0'),(565,'gdwelleyfo','oIo8IOhez1nZ'),(155,'gepiscopi4a','NDWHPz'),(540,'gewbankez','gfVgOTt9n'),(71,'gfearnside1y','DADmM7MD10r'),(468,'gfisbycz','Fjwxbj3'),(928,'ggerardetpr','mcw3sM2I'),(975,'ggogier2','e1kVZzV4'),(481,'ghawkeridgedc','gnknjtGl4'),(184,'gheinle53','PIrGC7'),(642,'ghenricssonht','YCKJlCx'),(65,'ghowley1s','W8szfx'),(917,'ginsolepg','ih7FHhmPsxv'),(436,'gjedrysikc3','atObDfSx6cv'),(236,'gjirka6j','iHG03FBSlUdw'),(229,'gkarolewski6c','HxMCkkiOzDN'),(471,'gkelbied2','9PGlKJ'),(386,'gkixap','USoyEw3'),(876,'gkorneichikob','C15LbO5Wq'),(929,'glangdaleps','VW0s25v'),(797,'glenniem4','gCdjkxBQou'),(211,'gmcwhan5u','Yl8XAUKBeLtD'),(15,'gmililloe','JPrd1QmiXd'),(525,'gmossek','iorfcpMgf'),(600,'gmucillogn','2blkRbpRlS'),(102,'gommanney2t','wsajdFg0nU'),(367,'goquina6','APQ4lxFhEP'),(610,'gpinkgx','kZcrysuRS3'),(989,'gpoundfordrg','xM8k9Z9'),(782,'gproverlp','CclzQP'),(479,'gpurcellda','ipRfQBBDbp'),(80,'grennebach27','pBEnHrt'),(376,'grivelonaf','tUG9fmQ5Y'),(845,'groakesng','xKDeavF5ZtN'),(793,'groylm0','hftVG73hZex'),(100,'gsercombe2r','iUjLtbtUvO7'),(757,'gsimonassil0','FwzAGvbyyH'),(344,'gsoden9j','FHl26qaUQU70'),(444,'gspilemancb','LyYOxj'),(948,'gstanwayqb','ZLS0mdk0'),(81,'gstrase28','SZwYWb6Szz'),(387,'gsunnucksaq','tE3VbhbtE0L'),(705,'gterrenjk','73QbELiuvEzm'),(868,'gtoobyo3','Cq3H8UT820'),(398,'gvanarsdallb1','enKfFDsXBzRv'),(851,'gwallikernm','YaBZnOJ'),(806,'gzettoimd','9GxCtX7'),(805,'hbeamandmc','AzyuI9r'),(905,'hbenetp4','EArng3V2'),(816,'hbeynknmn','G0lIHKdrd'),(13,'hboastc','WzkYXovedEsd'),(328,'hbramont93','wUM4BwL'),(2,'hbraz1','c2apJNYSVaKA'),(147,'hbroggio42','YyGNQAna4d9'),(884,'hcastagnarooj','uHkDkSzeH4'),(297,'hcelloni88','V6VMFXofrho9'),(306,'hcorhard8h','vTz583td'),(933,'hcossampw','eMWFM6xz9dEE'),(403,'hdanihelkab6','O3BpsP'),(818,'hdearymp','cYBWp3'),(556,'hdewdneyff','CNIAE7JfN'),(252,'hdripp6z','Z2adl9Lw'),(726,'heickhoffk5','s3i6c52j'),(934,'helcoatpx','uJsPVQ3M'),(848,'hfrischnj','rOsGlQq6s'),(824,'hgoodemv','oVjWShoKf1Bx'),(285,'hgrinval7w','mKWnQvsNlK'),(784,'hgrzelczaklr','1W5Jsrnl8q4k'),(580,'hheardmang3','qaoZ3HYqkt'),(431,'hhiblingby','3aAu7w'),(354,'hhobbing9t','lAI9LS72'),(865,'hhoxeyo0','HgtBCaQ0ve'),(127,'hkinsett3i','OIKG2Y3dxTG'),(549,'hlampensf8','tZURAt'),(19,'hlindenmani','ZHDCMQlEFx'),(243,'hogers6q','YOP867F'),(404,'hparkinb7','dNvUD0cPdX'),(744,'hpettisallkn','NBNXnK64'),(960,'hplampeynqn','fOSUKuAxmhe3'),(953,'hplaskettqg','roCJ8T'),(718,'hraymentjx','LtPkfpl'),(149,'hsackur44','fywawy7'),(474,'hscroggsd5','6jcrhy'),(207,'hsimionato5q','dPiRp8'),(263,'hstit7a','Jas0rGo5'),(703,'htezureji','lyoUCG'),(167,'hvahey4m','ZCHZoNTsOQtc'),(787,'hwardlowlu','sGm8Qnl1pS'),(31,'hwillanu','CPxtjmqaKwMf'),(447,'hwoodleyce','bg5VvocZif'),(765,'hyosevitzl8','yAiv4zUbnZ'),(578,'ibrimfieldg1','MVjJY9QVe3'),(877,'igrovieroc','PapquFywopL'),(926,'imcgrathpp','oTc27TsjUmXe'),(801,'imoulsdalem8','4n2NwsZWgXTB'),(753,'inavarrokw','B1U2NA0vtvi'),(412,'ireinersbf','zfLYoCZnIfv'),(587,'itisonga','3zaQ92A3H'),(950,'ivaladezqd','HfoNWJJ3I'),(804,'iworksmb','vqSBrFBu'),(799,'jalesiom6','mGE2k4'),(440,'jalvinc7','r8MLb3I22u'),(182,'jatkins51','yEwuZYlCgQ'),(463,'jbernotcu','diupHgJdg'),(699,'jbettesonje','shdvwX'),(61,'jbeves1o','uZGyPbdl1Y'),(647,'jbinleyhy','s2Vo3zKy'),(595,'jbrolechangi','VTueHRx3P'),(897,'jbuckellow','I4gj8B'),(972,'jcantoqz','w1ENXvuMFql'),(67,'jclaremont1u','8Zjys6jQ23Ar'),(39,'jclemens12','0e6RhRt'),(740,'jcopingkj','2qFmkbXn'),(613,'jculkinh0','KLMXZPV'),(247,'jcuppitt6u','EyQYjLFzez3'),(224,'jdaintry67','HBOupjv'),(168,'jdelwater4n','F8Ofgy'),(235,'jdeniset6i','9l6S396U'),(191,'jderechter5a','N3TKbkn5cw5K'),(521,'jdeveralleg','sre4wsfPULbF'),(317,'jdockray8s','KMyRFxhDGoH'),(450,'jdominichettich','hPpDtO0vS'),(685,'jdormanj0','bjexKSzsTq'),(955,'jdunleyqi','Q3WFH1vhYl'),(30,'jfarfolomeevt','e54iLaAT5f'),(500,'jfiermandv','3m8q8kqX5'),(134,'jfontel3p','qE5FRT'),(942,'jfrancescuccioq5','mFU6BVOmi'),(602,'jfriesgp','gAJwM64EP9wq'),(448,'jgerincf','fizqIk'),(333,'jglasser98','cCQo1ZaB'),(879,'jgreavesoe','wzjLlK2uscp'),(83,'jgreensmith2a','n6rCXZ'),(567,'jguarefq','RtK4TIoeVcC'),(175,'jgyorgy4u','YZCQ34HZWy'),(770,'jhairsineld','hcbvOeR'),(840,'jharwellnb','uLN2RQ7ep'),(809,'jhatleymg','99PcI2V98KeN'),(844,'jiorillonf','rpkhftp'),(5,'jjahner4','jNn3aWcert'),(50,'jkirsch1d','cEiSPoq725HQ'),(593,'jkittlessgg','3RRNh2JivqH'),(112,'jlepope33','6Y7WkNw4OuWa'),(370,'jmackonochiea9','oa8rCn8O'),(103,'jmallender2u','ashJ75vNB'),(222,'jmalzard65','TEMhrhrxh1Z'),(7,'jmcginly6','pCIeOQjA'),(169,'jmckeefry4o','bgNUfEzcmu'),(849,'joakeshottnk','7yZQQHg'),(63,'jolivo1q','5PhqvxaeqZ4J'),(987,'jranfieldre','usyRvMvB'),(60,'jridsdale1n','Y6Uw2FK'),(902,'jruberryp1','IjQkL7'),(495,'jschurickedq','txHxXT'),(138,'jshoveller3t','SVY6BCYL'),(891,'jsouthanoq','GdI89leeB'),(581,'jstanyforthg4','VVeYzVlAa30'),(368,'jstanylanda7','7GNFbQT'),(632,'jstarmerhj','jI7j1d'),(847,'jtoderini','iBk2OsDOzz'),(737,'jtomczykiewiczkg','sBFkYQf4oV'),(939,'jtonkesq2','hwNkecpEKA'),(850,'jtryenl','qyNUau'),(746,'jtunkinkp','tYozPSV5J2s'),(564,'jvalentinuzzifn','VGdzfOae'),(270,'jvasyunkin7h','blm1AsFu1R'),(459,'jweskercq','ZmPxaPCl34'),(94,'kalennikov2l','UGAjrDZYCqZx'),(209,'karghent5s','wM9NrTkyC3N2'),(482,'kaytondd','HYg0km101J'),(527,'kbadhamem','jHst8Lx'),(554,'kbleifd','P8HWXZOd'),(802,'kbonifacem9','A9HxRovEeO37'),(178,'kbrailey4x','rl7aDA6'),(62,'kbreed1p','b6Hs7Zl'),(437,'kbrookesbiec4','ugYUzt7mID'),(875,'kbrownleaoa','u1gCli'),(677,'kbrownseais','yTlD3Q'),(374,'kcapaldiad','uOFVcPFjXZ'),(526,'kcastelloneel','MxQAEVgFHM1T'),(185,'kchugg54','AJBLSkyytG'),(524,'kdovinsonej','CS7PJEXCXy3D'),(280,'kdreakin7r','ialuTJ8Ac0'),(701,'kdrippjg','b9rQ9Cln'),(289,'kechallie80','JFY3VubMq'),(315,'kfauguel8q','CgoDwuf2E'),(597,'kgerrellgk','dKMdsdrb1x'),(420,'khagyardbn','tx9rVjgNY'),(181,'khaugeh50','Xkh1QuCTdsg'),(938,'khavocq1','F9s6Yz'),(981,'khorbartr8','LlGipUSMSf'),(177,'khuortic4w','b37zeenxwEmp'),(422,'kinchbp','8USdFWFCc84Z'),(957,'kjeannequinqk','SqJ6r2'),(172,'kkick4r','Qq39Oq'),(937,'kleftlyq0','ECuyE0bW'),(265,'klewson7c','wQq1VlZ63qEx'),(6,'kmackellar5','Qqvmv2Btjcky'),(573,'kmccalisterfw','O8MVcu9halP9'),(769,'kmcgrottylc','NDcLNEMI2'),(964,'knilesqr','4R6sst'),(156,'knorgate4b','Z9GfJL'),(582,'kpagelseng5','kMfUUe'),(881,'kpanchinog','O4C1uUmddbY'),(924,'kpasquepn','6ue4dI'),(648,'kpeytonhz','mt2RVMA'),(179,'kpoznan4y','bQLX79M'),(620,'kpulhamh7','K2E7Zce2'),(532,'kredgraveer','jly25VYLf'),(140,'krenny3v','l7jE6nth'),(650,'ksecretti1','HYKdCqG'),(767,'kshoebottomla','fnFby7W83'),(518,'ksorensened','GSxJrcN'),(919,'kstickleypi','7so37NogpR'),(68,'ktanzig1v','zvRiu6ZtIfN7'),(994,'kugolottirl','A8p1PhjjZsq'),(69,'kvassman1w','Wyrhv3V'),(859,'kvearncombnu','LpFPtInXjc'),(982,'kwallheadr9','PlqL5Ume'),(630,'landresenhh','ERIcNE6Dwg'),(107,'lattrill2y','iWzBYXuIP'),(162,'lbestall4h','tkv23M8oV'),(656,'lbrissendeni7','qXRkYR7o9A'),(273,'lbroster7k','d3NenVo7Sw7N'),(426,'lbrowettbt','T6DyWvlrK'),(780,'lbutlerbowdonln','MeV6yOsjBVu'),(361,'lcartmera0','YpbiLQFs'),(857,'lchalderns','JM4pZKYYIT'),(351,'lchoules9q','kVFt833xnhPs'),(915,'lconechiepe','XTq5yE6c'),(517,'lconmanec','AjLYjGfMPbw'),(679,'lcowthartiu','JlsU2v'),(64,'ldacth1r','zX4HTL'),(810,'lfiggenmh','yOuTdyI'),(752,'lfinessykv','K9Lhc8gdbMsb'),(749,'lfrewerks','RflawEp'),(798,'lfriselm5','ozClbk'),(825,'lhissettmw','YYegGaaz4Z'),(888,'lhucknallon','IZqVoiDakad'),(433,'lkleinfeldc0','s9KMsbjRH'),(560,'llebrunfj','rprP7j'),(696,'llyttlejb','siidRGPmZP4d'),(883,'lmccaddenoi','qBjiJCPG'),(304,'lmccarroll8f','2rtC1s6q'),(34,'lmccarrollx','KK1S26'),(978,'lmcgilbenr5','qM8L5Vkhgh'),(822,'lmellsopmt','OuUpBmTn2F'),(294,'lmepham85','whbmZzwnErU'),(21,'lmockettk','VFOW3vV3otXA'),(889,'lmorfelloo','Yo9lHB'),(541,'loakshottf0','Mb9j8KHTY'),(821,'loharneyms','QTyu59xRG'),(660,'lortzenib','plVjWy'),(452,'lperelcj','SfabCZ'),(841,'lpoxsonnc','b3AOew'),(561,'lrobelinfk','XWBKR0DUSD'),(432,'lrubenfeldbz','p0w7hiLYfp'),(150,'lsanday45','ppdjeh84dO'),(425,'lsayesbs','cmUBjQSGZv'),(190,'lsherville59','67MfdIZO'),(154,'lshorthill49','IptAJ3'),(655,'lskaidi6','9MhZRwkwQHA'),(418,'lspiersbl','1hQTXJoBOs'),(183,'lspohrmann52','kJ9qK7Qljz4r'),(49,'lstemp1c','WL5LmoAHh'),(379,'lstucksburyai','qFS3TuwvYH5g'),(109,'ltourne30','Zu5ME0qH'),(502,'ltuxselldx','SWsXdfa'),(384,'lurreyan','1w6cania'),(275,'lwell7m','2H5WCmphEa'),(73,'marntzen20','uII26tfeqU8'),(257,'marrigo74','ocPMAU8FGMO'),(153,'mbagby48','mwHzgmu'),(323,'mbaudacci8y','SuoyYLa'),(708,'mbeesonjn','8e3x4bkqpL'),(214,'mbittlestone5x','Imfcpoqd'),(795,'mbixleym2','qpCi1j'),(44,'mblewitt17','Dc9QXpg'),(886,'mboyneol','sVowAlih9'),(681,'mcamockeiw','Ehfw8QmVYMW'),(104,'mchallens2v','axOqXfN'),(78,'mcicerone25','oKni4k311'),(711,'mcobbingjq','IGlMJO6KSt8'),(349,'mcrayker9o','xQfu594fc'),(347,'mdalbey9m','ZG9O1x30i4'),(327,'mdanat92','vP71Jv7tF'),(629,'mdarthehg','QdHHJt7k'),(232,'mdermot6f','7dvpvLgozr'),(457,'mdionsettico','ZyNGkgC'),(295,'mdomesday86','3MPexoZFf'),(807,'mdomoneme','0xrYbT'),(714,'mdowberjt','IXbk1TajS'),(843,'mdrewcliftonne','1lVtNxgga'),(995,'mduckerrm','Ph5z4r9fV'),(665,'mdyhouseig','45uCQh2'),(260,'mengel77','JdGqzW'),(202,'mewen5l','h02JRxgRyp'),(132,'mfairholm3n','Mfnyt73dERZ'),(246,'mfaye6t','ltDWKX'),(930,'mfeldsteinpt','Jmc7JhKtt'),(760,'mfernierl3','AMPv54qG'),(932,'mgillanderspv','w6xbUrC7GL'),(684,'mgodilingtoniz','RFiKgAhKa'),(695,'mgoslinja','IARhFiiX9'),(728,'mgreasleyk7','t0AaJXzwOJ'),(208,'mgrotty5r','ke23sBr'),(52,'mgwyneth1f','bk81BDVrIPt'),(949,'mhallowellqc','KW5SMTZSww8'),(916,'mhargravepf','qWRYB6Pe'),(911,'mholsteinpa','nPkVn8nKaEVl'),(406,'mhopferb9','FcWGpvr5O'),(417,'mhullbrookbk','ilNMFQ8B'),(442,'mjehaesc9','p9zTOkQKhO'),(944,'mkenionq7','JDfgFrZH'),(643,'mkubeshu','OU1DlNxFai'),(239,'mlatehouse6m','7wFuBq'),(727,'mletcherk6','SjkdUu7SL'),(98,'mlincey2p','WC6AhG4JeNG'),(146,'mmapes41','xc29PxLWIRu'),(814,'mmartensenml','iaykQwq8Axp'),(114,'mmatelaitis35','8ddzRP'),(301,'mmatley8c','AhZe9Y35u'),(513,'mmeneghie8','5HRKZlEW'),(53,'mmerriman1g','YIx8m1Sx'),(421,'mmongenotbo','G5k8NyF8uzy'),(443,'mmurraca','0BlLGo9'),(410,'moharabd','1aUFE00aPd'),(129,'mopfer3k','rYrK5NbRQBZ'),(815,'morromm','CSlhGkOZ'),(210,'mpaskin5t','DpYpTz'),(451,'mpatryci','UtPx2ypizJp'),(3,'mpavier2','Qc34Ol'),(42,'mpepall15','qaVVwee'),(142,'mpetrolli3x','k6Smkof5F1'),(380,'mphilippouaj','1oAzyvUA3l'),(616,'mpitkaithlyh3','v9Tcj5pFPwxV'),(266,'mpolglase7d','EEb98n7mcDb'),(388,'mpowear','PCVTma9LI'),(772,'mpurcerlf','sIfbwo'),(106,'mreinhardt2x','L1nuXj'),(618,'msanbrookeh5','lNUMOKeodhco'),(717,'msivyerjw','bov03Y9g7U'),(241,'msouthcott6o','Vqfo1Dq'),(465,'mspatigcw','6HT5eTD'),(37,'msprouls10','o9KJEsD'),(506,'mswabye1','VbKbp7QKX1Ao'),(633,'mterbrughk','QfLqk5N'),(909,'mthundermanp8','Psr8Q4i3AQd'),(842,'mtyndallnd','jU6NSH4vuZ'),(962,'mtyremanqp','sY8MsZL2zQG'),(983,'mvillaltara','ObtCrKIcjCr'),(254,'mwindridge71','3BtxK0uDYXKg'),(89,'mwoodcroft2g','y9GF0bW6lGB'),(366,'mworlocka5','tPpx6quwL5'),(187,'nandri56','jeS86b'),(415,'nantalbi','bvXFOXxTyH'),(95,'napark2m','tHQp0N8HVG'),(302,'nbollins8d','P82wPV7QUF'),(435,'nboninc2','HvN58lglgKzY'),(800,'ncattonnetm7','epfmnO8hTms'),(212,'ncavaney5v','iKEWS2v'),(8,'nchasmoor7','rzif37LQ'),(756,'nchazellekz','eY6ZKI'),(700,'ncourtjf','rUAKER5'),(196,'ndipietro5f','DuHLOCg9dp'),(649,'nebenezeri0','4CM77m0'),(464,'nedwardsoncv','4xwOFI1ey'),(984,'nfairholmrb','ttjlUjJozl'),(40,'nfarrand13','KlMqAKFi'),(675,'nhellmoreiq','vgFVxkkn'),(776,'nleesonlj','UKA6rq4OCPLI'),(557,'nlempkefg','mBmuH804Km9'),(199,'nmccahill5i','UnP7QnE'),(773,'nmettrickelg','RkQ0YHZcCX'),(624,'nnassiehb','bel5s8'),(365,'nnutleya4','mnifRXyJu'),(171,'noughton4q','unfUvkOoBPQ'),(110,'npassler31','V3QxXXomOPX0'),(90,'nreedshaw2h','qzLT5g'),(993,'nretterrk','DnIZ1G'),(215,'nrizzi5y','5Wdmn1MCc'),(87,'nsoldi2e','AsYz587yD'),(230,'nvonderempten6d','1VqpsyrV'),(873,'nyakuntsovo8','UJ8anEyHzDl'),(58,'obarniss1l','eEUQl881S'),(528,'ocandelinen','1kfM9oiw'),(956,'ocleynaertqj','ykMH7cyn'),(611,'ocollingy','H26JCjC2cFp'),(92,'odeeth2j','723Z5IYvesIC'),(893,'ofielleros','MDrgI0gPN'),(200,'ohurdis5j','HFtKcLVQ'),(240,'oingledow6n','RhjAyeiRtHVC'),(931,'oingledowpu','umjfWlf'),(750,'olarmorkt','ieiv9lVc8d'),(570,'omattheusft','eY50LMZX'),(586,'omilhenchg9','AYeRUs5vVtE'),(768,'opietruszkalb','cvFZsx'),(487,'otavnerdi','Ux5Xhg9hBfF'),(739,'oteasdaleki','yY9G0fGlI'),(678,'otorpieit','vxoONVoFxc8J'),(874,'oyoudeo9','QpcQ37Nw'),(512,'pbarnfielde7','b2wsfE'),(123,'pboshere3e','1W0rEoTLoO'),(122,'pbussens3d','fC7xyk1lJLa'),(493,'pbuzzingdo','gU9qKBQ'),(33,'pdanilovw','MUPfOHdr'),(637,'pdonhardtho','yytIF0Ar'),(689,'pebleinj4','fY7DyBCJBa'),(791,'pelgyly','TjPVXyfIo'),(108,'pgibberd2z','NNwmW975'),(920,'pgoterpj','TiYuh3TUUx7E'),(313,'pguilloton8o','jwSrFvF0Cbs'),(988,'phellwichrf','bMihUE8HQN'),(164,'pjeacock4j','HIPPLym'),(427,'pjerdanbu','2SnLtZQXrtD8'),(856,'pkolushevnr','G3kpkGz9PI'),(539,'pmacdonaldey','EHpVFGWqR'),(827,'pmccaughranmy','4aBTX6flTLG'),(74,'pparke21','WlJ4rX'),(400,'pprobettsb3','twF0AJbSoLJ'),(904,'pshevellp3','3f0gCxMsi'),(954,'psollimeqh','dBTSa8tW'),(470,'pspoord1','U2AU385qXh'),(118,'pstubbin39','HKvlGv7v'),(189,'ptustin58','rQcpbFQ9'),(659,'pwillmentia','NRYYztIJ8'),(194,'qberridge5d','yuhBcaP4Sqh8'),(336,'qponte9b','goEIQOqX'),(811,'qtatlowemi','WIWVIYKDPPp'),(657,'qweatherleyi8','AfREAgSku'),(238,'randrzejowski6l','a1m5OTGelM'),(390,'rattargeat','Lbzr9TKkEv5'),(683,'rattawayiy','yCOuWk6ZUuky'),(591,'rbinnsge','XyxdcEGLy'),(261,'rbonnar78','QBwQtEq5Axc'),(676,'rbradtkeir','qRzKRq'),(405,'rbrittanb8','vd3qESOh'),(460,'rbruhnkecr','Ct08h2z'),(991,'rcarderori','JLgEsMQi8'),(667,'rcarverhillii','nrIaaj'),(947,'rcrathernqa','h6x8DE7PVd'),(494,'rdebrettdp','4NA8OQdV5'),(475,'rdeperod6','V7obtb'),(144,'rderuggiero3z','atF4xE'),(416,'rdungatebj','rUe9rpT6YM'),(645,'rfarleyhw','qWOWAFwK'),(653,'rgateri4','YQRUvF'),(697,'rghirigorijc','pyv2nsB7Rw8'),(383,'rgittensam','lQApbrgDduO'),(220,'rgogerty63','JYgExB3'),(599,'rgoselinggm','srzE2L0'),(846,'rgrunbaumnh','zNQW2Zm8yQL'),(867,'rhinceo2','sljF7IaO'),(775,'rjustunli','tOkabEfeLAVP'),(707,'rkezarjm','PkgepNtj'),(377,'rkirschag','w6yPf7U'),(278,'rklawi7p','shXdJMM5VWX'),(646,'rkneelandhx','Vf2TMgjX'),(290,'rmaccawley81','6jCbyaUg'),(26,'rmcclarencep','Lh7DbosB7'),(284,'rminnock7v','8hsbc0Z'),(496,'rpaoluccidr','eOy4anWsDo8'),(562,'rperotfl','A507fB1v1'),(145,'rpickrell40','y5q9SzufTGo'),(686,'rpollakj1','hxORhd'),(585,'rquibellg8','q8BKP5ADFv'),(866,'rrigmando1','MMicnEPYf'),(609,'rsandlandgw','uFyieYf4o1f'),(890,'rscottop','EL3MxER'),(621,'rsibberth8','ljcYXTidLs'),(510,'rspurmane5','dcgYgVt1y'),(296,'rstalley87','cYbj99'),(345,'rstonard9k','4y9qIs'),(307,'rstrognell8i','wU9kLRbo8Dol'),(478,'rsweedd9','nR6Q6kYE4F9'),(763,'rszachl6','ifcVYRSzN'),(986,'rterzird','V66Fg9Ilua4'),(56,'rtomasoni1j','sQitJ7Gnsu'),(385,'rvennao','g3N4Lzma0qyx'),(476,'rvoelkerd7','AnfSGeolNhLR'),(22,'rwheadonl','GWG9hdY2'),(163,'rwidmore4i','Dkk9NUrufeV'),(839,'rwonesna','qsFJIp7f2gsZ'),(943,'ryuryaevq6','EWDS5Z'),(598,'sadamskigl','49p19dXUyAZ'),(321,'sambrosoni8w','QC3ZMQ1i'),(715,'sarsnellju','HaWNLd4'),(730,'sballentimek9','Qi1y40K'),(438,'sbenedettic5','lgHV523'),(152,'sbernhardt47','qrhmqCGniFWC'),(608,'sbiddlestonegv','qB6bVR66zD'),(508,'sbontofte3','T1TjwW'),(974,'sbromiger1','xnrF96585yH4'),(774,'sbrounfieldlh','8FRR3T'),(654,'sburdfieldi5','MvtCApY'),(288,'sbustard7z','g9VF0At'),(409,'schastenetbc','nqEvpUZvTGm'),(242,'scheales6p','b73zDsxis'),(759,'schicchettol2','B2HYqU'),(378,'scoopah','5Ds1Ek0F'),(446,'scornejocd','P5o3G4V'),(761,'scranefieldl4','c27dmHzg'),(952,'sdegiovanniqf','v0b1DOxYx'),(277,'sdrever7o','hvQj8A6hkNZ'),(863,'sdunkinsonny','bZrSQtU7hb'),(830,'sdunnen1','b1vUx3ioLUd'),(357,'sferenczi9w','HqLPGc'),(445,'sfreecc','jfw374'),(833,'sfustern4','3n8TI3xH'),(262,'sgiveen79','Xs0GgVp5Q3e'),(151,'sharsum46','rOeQxrwwB'),(959,'shatchetteqm','LMIrVsfM1'),(46,'shigbin19','3Xx4k5dGRA'),(120,'shutley3b','h2FmwI'),(662,'sjanuszkiewiczid','QDipkQINTg'),(441,'sjoshc8','fipHxRpX7q'),(449,'sleatherbarrowcg','tp5YXkb'),(592,'smarklgf','EYgGCTfmNN'),(999,'smarstersrq','K31fvn'),(339,'smiddleweek9e','dK9dCqRtes8'),(225,'snickols68','AcbKV9EK9QD'),(362,'solrenshawa1','gqCN0GH'),(862,'soolahannx','240pHUj1owW'),(852,'spaulounn','EMYYuE'),(626,'speppardhd','g3G78YyibP'),(160,'spinckard4f','syXyn4s731r0'),(837,'squineyn8','HSPi4fyLC'),(316,'srenton8r','nxyr8ta2vAG'),(834,'sroubeixn5','X2CAopsTbA97'),(259,'sshadrack76','iQAZnhxs7mX'),(490,'ssollondl','ZuMGxYoWUpQz'),(534,'sstovoldet','Y377t49tlLK'),(709,'sswofferjo','9Xy2zCaIHQ'),(203,'stilliards5m','5eX60EEGN'),(66,'stoope1t','IFdqAvHBntq'),(486,'svedstradh','0ITYLB'),(736,'swickhamkf','V1sYRF0kip'),(666,'swooffittih','uSLLPN'),(25,'swooffo','HVmY23f'),(401,'tburghb4','emB3ZDUr'),(855,'tburressnq','HTjSuPn'),(903,'tcammp2','DXwCA6t'),(895,'tcaneou','PBEtZahb'),(785,'tcappineerls','MqhFfgQ'),(462,'tcornilleauct','SK0MqfYg'),(576,'tcroftsfz','CSD7wx'),(159,'tdelgua4e','c16qG4hxnmUT'),(11,'tdrewrya','bMDNnXwf'),(574,'tedgarsfx','3lLhtwX'),(641,'tfilipczakhs','RUAHax'),(691,'tfrobisherj6','xTuPv8ru7'),(341,'tgasnoll9g','64zqViDny'),(766,'tgethenl9','RBWcwab4e3dy'),(300,'tgilfoy8b','B6QbtpUZ'),(36,'tgrayshonz','6emViSA9S'),(253,'tgrindall70','MWhSspF'),(244,'tguisler6r','yr3v2s4'),(603,'thannentgq','beA576tR'),(221,'thussy64','qmvJEbYV'),(180,'tkeaves4z','CgZsoiPlX1'),(706,'tlanglaisjl','TcsAOhwJp4Ae'),(430,'tloynesbx','DKAM0fR'),(23,'tlukovicm','tgIZT2yrFUj0'),(619,'tmanceh6','uXJEHVb'),(747,'tmantzkq','Zeniwlqx'),(489,'tpoundsforddk','aFO4X9mAT2'),(838,'tquinceyn9','Q9bboPI'),(480,'traouldb','CPSZ1t'),(461,'treedickcs','QQjq7rVVLEK'),(854,'tritchienp','BMrgJ39XrpS7'),(14,'tsaichd','Td6ztZYFu'),(628,'tselwinhf','7rBnQcPg'),(17,'tsharkg','1lJk7o'),(45,'tsyder18','acSGnk'),(823,'tubanksmu','0xjcelhPIRmP'),(217,'tvirr60','ZrU7hsitWr'),(733,'tyglesiakc','KIwXnV3szWnF'),(121,'uaberkirdo3c','6CJRhV'),(428,'uashforthbv','GkBVq8Xrya5'),(899,'umessomoy','nS2mWHY'),(1,'utrusslove0','aB8mYynuZ'),(414,'vadamebh','Z9jSJtyDk0'),(216,'valyutin5z','0BjOLDSq5d'),(176,'vaslet4v','THUOuo4rA'),(546,'vbrauntonf5','xrmoVggT'),(234,'vcullabine6h','fyXsSZP9g'),(509,'vdanskene4','l4RPs2'),(864,'vdicksnz','fDBP4B9y1RYZ'),(515,'vgierthea','75gG3OZ414Rh'),(76,'vgilburt23','6TZbeyFX'),(719,'vgraaljy','Q2FdFk'),(372,'vkildayab','ABnqC3A'),(652,'vklossmanni3','lBKEvEu5WSO'),(976,'vlemonr3','WnHQ4M8QkCG'),(82,'vloftin29','UXRWViH6SEEa'),(115,'vmanna36','8JHovNA1Gv2'),(690,'vmaynardj5','1cudoEo'),(35,'vmckeevery','kUE7neUrzKN3'),(819,'vrettiemq','YkTQM0o7V7lo'),(965,'vstuddersqs','m2r22qQUnSb'),(334,'vsurcomb99','QWNvKXy2SUn'),(507,'vvallense2','8vpRGCZv8K1'),(680,'vvarfolomeeviv','NQwvLxGmPrK'),(601,'vvoglgo','Mrcmllbah'),(282,'wburree7t','gwA5KD1FcA'),(483,'wdaybellde','TX8cb5'),(326,'wdeer91','qDn86SrrR5ZZ'),(885,'weunsonok','0Y7RkQPz'),(55,'wfinan1i','r5qBcGk'),(732,'wgrevillekb','QtSG9T5'),(907,'whancep6','DL2ANwFB'),(967,'whousequ','LULIEY'),(499,'wlomisdu','YsJsDlBHZ'),(671,'wlondesboroughim','jh3K767lSb'),(130,'wluparti3l','jLzcKfpGd'),(503,'wmcasgilldy','nDS9w9l'),(878,'womondod','tbY9KbDjQGLW'),(912,'wplayfootpb','X6bq4ZkeIiK'),(559,'wromainfi','gowdcB'),(148,'wtingcomb43','mP1LriSW'),(86,'wturfes2d','5mVIinnKm'),(250,'wwindless6x','YCJcFR1'),(287,'ybirnie7y','wlItFmplw'),(174,'ybravington4t','AEKTa62Kd'),(702,'ygittinsjh','2ORXNzN'),(466,'yrumbellowcx','kkCE7hU'),(227,'zcourcey6a','dbKKw0ARUp'),(305,'zlehrahan8g','dBN3vddYObA3'),(961,'zwealdqo','aPCwox1j');
/*!40000 ALTER TABLE `admin` ENABLE KEYS */;
UNLOCK TABLES;

--
-- Table structure for table `customers`
--

DROP TABLE IF EXISTS `customers`;
/*!40101 SET @saved_cs_client     = @@character_set_client */;
/*!50503 SET character_set_client = utf8mb4 */;
CREATE TABLE `customers` (
  `Unique_ID` int NOT NULL,
  `Cust_ID` int NOT NULL,
  `payment_method` enum('credit_card','debit_card','online_banking','upi','COD') COLLATE utf8mb4_unicode_520_ci NOT NULL,
  PRIMARY KEY (`Cust_ID`),
  KEY `Unique_ID` (`Unique_ID`),
  CONSTRAINT `customers_ibfk_1` FOREIGN KEY (`Unique_ID`) REFERENCES `users` (`Unique_ID`)
) ENGINE=InnoDB DEFAULT CHARSET=utf8mb4 COLLATE=utf8mb4_unicode_520_ci;
/*!40101 SET character_set_client = @saved_cs_client */;

--
-- Dumping data for table `customers`
--

LOCK TABLES `customers` WRITE;
/*!40000 ALTER TABLE `customers` DISABLE KEYS */;
INSERT INTO `customers` VALUES (548,929,'debit_card'),(226,1260,'credit_card'),(170,3626,'online_banking'),(464,6383,'online_banking'),(570,6864,'debit_card'),(861,7634,'upi'),(792,8737,'debit_card'),(324,9372,'credit_card'),(360,9781,'debit_card'),(381,12507,'debit_card'),(981,12718,'upi'),(33,14663,'online_banking'),(341,15805,'online_banking'),(561,16931,'debit_card'),(951,19820,'online_banking'),(309,21251,'debit_card'),(380,21348,'credit_card'),(857,21488,'upi'),(879,21565,'credit_card'),(60,21641,'COD'),(991,21946,'debit_card'),(703,22667,'upi'),(379,22860,'upi'),(45,24802,'online_banking'),(899,25220,'COD'),(755,25723,'credit_card'),(863,25729,'online_banking'),(184,27184,'upi'),(397,28060,'online_banking'),(708,28493,'online_banking'),(235,29989,'COD'),(151,32277,'upi'),(805,32793,'upi'),(71,33441,'debit_card'),(160,33735,'debit_card'),(712,34180,'online_banking'),(920,34706,'COD'),(283,35421,'credit_card'),(20,36266,'online_banking'),(285,36499,'COD'),(882,37204,'COD'),(558,38304,'debit_card'),(21,41191,'upi'),(404,43023,'online_banking'),(220,43828,'credit_card'),(117,44474,'debit_card'),(667,47328,'upi'),(198,47520,'COD'),(960,47699,'online_banking'),(367,47732,'online_banking'),(485,47817,'credit_card'),(190,48299,'online_banking'),(886,48314,'upi'),(744,50560,'upi'),(553,51707,'online_banking'),(776,54157,'debit_card'),(350,54168,'debit_card'),(757,55214,'credit_card'),(919,55866,'COD'),(873,55958,'online_banking'),(43,57241,'credit_card'),(222,57744,'online_banking'),(98,61217,'credit_card'),(427,62466,'upi'),(217,62638,'online_banking'),(852,63152,'upi'),(685,67742,'online_banking'),(31,67766,'credit_card'),(244,69161,'credit_card'),(331,73068,'credit_card'),(807,74720,'debit_card'),(228,75658,'credit_card'),(740,76196,'upi'),(123,79177,'upi'),(277,79727,'credit_card'),(210,81297,'online_banking'),(462,81855,'COD'),(903,82553,'online_banking'),(374,86592,'debit_card'),(872,86917,'COD'),(468,87583,'debit_card'),(753,87979,'credit_card'),(187,90755,'online_banking'),(868,91565,'online_banking'),(371,93444,'upi'),(788,94196,'COD'),(632,95080,'online_banking'),(698,96036,'online_banking'),(835,98401,'COD'),(154,100549,'online_banking'),(646,100673,'upi'),(520,101901,'debit_card'),(769,101998,'online_banking'),(640,102144,'online_banking'),(1000,102291,'COD'),(847,102349,'COD'),(265,103045,'upi'),(674,104431,'COD'),(794,106456,'credit_card'),(818,106690,'COD'),(855,106833,'online_banking'),(730,108918,'debit_card'),(214,108963,'debit_card'),(442,109589,'upi'),(425,109774,'credit_card'),(621,110223,'COD'),(605,110324,'online_banking'),(887,111371,'online_banking'),(342,111417,'COD'),(607,111439,'debit_card'),(905,111524,'upi'),(352,112809,'credit_card'),(52,113203,'upi'),(775,113869,'upi'),(908,114002,'upi'),(816,117087,'upi'),(878,117886,'credit_card'),(10,120289,'debit_card'),(355,125968,'credit_card'),(138,126899,'credit_card'),(655,127666,'online_banking'),(902,128077,'debit_card'),(555,128110,'debit_card'),(659,128486,'COD'),(700,128814,'credit_card'),(768,129187,'COD'),(625,129572,'debit_card'),(537,129627,'online_banking'),(942,129791,'online_banking'),(128,130262,'online_banking'),(26,132381,'credit_card'),(42,134027,'COD'),(489,136992,'debit_card'),(584,140630,'online_banking'),(38,142607,'online_banking'),(399,143304,'credit_card'),(766,143789,'debit_card'),(754,143978,'upi'),(455,144389,'debit_card'),(420,144638,'credit_card'),(55,144664,'debit_card'),(512,145618,'credit_card'),(996,148725,'upi'),(525,148728,'debit_card'),(311,149481,'COD'),(944,151612,'COD'),(179,154239,'credit_card'),(254,154255,'debit_card'),(565,154650,'COD'),(773,154856,'COD'),(629,156889,'online_banking'),(318,158023,'online_banking'),(557,158075,'upi'),(718,158745,'credit_card'),(29,161291,'upi'),(491,161994,'debit_card'),(826,163154,'online_banking'),(924,163164,'COD'),(986,163762,'credit_card'),(971,164632,'upi'),(296,164799,'COD'),(732,164909,'debit_card'),(953,166661,'upi'),(774,168929,'online_banking'),(717,169039,'credit_card'),(199,170719,'upi'),(819,170890,'online_banking'),(724,172305,'COD'),(370,172436,'online_banking'),(189,172735,'COD'),(982,173784,'upi'),(49,174392,'online_banking'),(559,175215,'upi'),(248,177499,'upi'),(407,179165,'debit_card'),(980,179514,'upi'),(494,181556,'debit_card'),(549,183467,'COD'),(660,183626,'COD'),(615,184251,'upi'),(17,184376,'credit_card'),(292,186765,'credit_card'),(532,187720,'debit_card'),(451,190145,'online_banking'),(575,191353,'credit_card'),(168,191434,'COD'),(844,193164,'online_banking'),(196,193723,'COD'),(536,194189,'debit_card'),(665,196231,'upi'),(610,196433,'debit_card'),(299,196551,'credit_card'),(418,198093,'debit_card'),(349,198407,'online_banking'),(901,198414,'upi'),(867,198462,'online_banking'),(935,199942,'online_banking'),(795,201926,'debit_card'),(314,206854,'COD'),(102,207258,'upi'),(167,207630,'upi'),(109,211003,'credit_card'),(545,211026,'credit_card'),(327,211086,'upi'),(760,213123,'online_banking'),(654,214192,'online_banking'),(684,214348,'debit_card'),(719,214356,'COD'),(912,215128,'COD'),(643,215477,'debit_card'),(866,216111,'online_banking'),(353,218038,'debit_card'),(303,218290,'upi'),(690,218549,'debit_card'),(386,220914,'debit_card'),(623,221479,'credit_card'),(501,221901,'online_banking'),(952,222564,'upi'),(883,225496,'COD'),(437,225564,'debit_card'),(611,225808,'credit_card'),(153,225912,'upi'),(593,227360,'COD'),(777,227431,'credit_card'),(7,227952,'credit_card'),(121,227972,'credit_card'),(472,228077,'debit_card'),(231,228772,'upi'),(894,229470,'online_banking'),(626,230924,'credit_card'),(72,232729,'COD'),(505,235539,'upi'),(429,235672,'upi'),(693,235865,'COD'),(573,236138,'upi'),(811,236366,'upi'),(243,236942,'debit_card'),(666,237112,'debit_card'),(204,238015,'upi'),(914,239757,'upi'),(438,240898,'credit_card'),(321,242841,'debit_card'),(245,243737,'COD'),(595,244208,'online_banking'),(287,244906,'debit_card'),(320,245291,'debit_card'),(546,247103,'online_banking'),(828,248749,'online_banking'),(480,249010,'online_banking'),(4,250207,'COD'),(686,252261,'COD'),(496,254342,'debit_card'),(695,254692,'upi'),(907,254717,'online_banking'),(862,254871,'upi'),(357,256435,'COD'),(30,257596,'upi'),(735,259024,'debit_card'),(347,260496,'upi'),(499,261848,'upi'),(713,262503,'debit_card'),(781,263993,'credit_card'),(710,264996,'COD'),(751,265685,'upi'),(651,265750,'upi'),(124,266570,'COD'),(322,267466,'credit_card'),(786,268296,'upi'),(201,269487,'debit_card'),(554,269921,'upi'),(779,270643,'online_banking'),(63,276530,'online_banking'),(898,277742,'COD'),(721,278184,'debit_card'),(503,279674,'credit_card'),(998,279689,'credit_card'),(566,279904,'debit_card'),(564,281125,'COD'),(249,281673,'online_banking'),(602,284077,'online_banking'),(458,284883,'online_banking'),(114,286334,'online_banking'),(736,286806,'COD'),(955,288504,'credit_card'),(452,289215,'online_banking'),(142,289238,'debit_card'),(74,290151,'credit_card'),(488,290958,'online_banking'),(263,291344,'COD'),(405,291474,'credit_card'),(513,292329,'credit_card'),(144,292582,'upi'),(88,294624,'debit_card'),(246,294629,'credit_card'),(569,296518,'upi'),(906,297092,'debit_card'),(412,300327,'online_banking'),(410,300666,'upi'),(930,301624,'online_banking'),(384,304176,'upi'),(821,304619,'credit_card'),(389,305910,'debit_card'),(401,307328,'credit_card'),(213,307719,'credit_card'),(671,308268,'debit_card'),(77,311268,'credit_card'),(133,312843,'debit_card'),(509,312951,'COD'),(519,313348,'COD'),(922,314241,'COD'),(759,315267,'credit_card'),(798,316791,'debit_card'),(699,317121,'credit_card'),(608,324712,'debit_card'),(13,325713,'credit_card'),(743,326146,'upi'),(272,326941,'COD'),(165,326983,'COD'),(803,327686,'credit_card'),(294,327907,'upi'),(312,328076,'COD'),(579,328551,'COD'),(152,329076,'upi'),(932,331041,'upi'),(122,332390,'debit_card'),(840,332760,'online_banking'),(965,336179,'upi'),(388,337091,'COD'),(172,338260,'debit_card'),(224,342955,'online_banking'),(913,343203,'COD'),(522,343632,'upi'),(523,345264,'COD'),(79,345537,'upi'),(413,346180,'credit_card'),(962,346821,'debit_card'),(675,348955,'debit_card'),(338,350496,'debit_card'),(206,350634,'online_banking'),(948,350636,'online_banking'),(364,351185,'credit_card'),(733,352187,'COD'),(892,354562,'debit_card'),(289,354665,'debit_card'),(762,354991,'COD'),(484,355401,'COD'),(290,355763,'online_banking'),(742,356258,'upi'),(323,357258,'debit_card'),(785,358949,'online_banking'),(790,360469,'credit_card'),(346,361066,'upi'),(186,362718,'debit_card'),(707,363774,'upi'),(746,365300,'upi'),(500,366154,'credit_card'),(711,367297,'COD'),(445,369710,'debit_card'),(297,369925,'debit_card'),(507,370714,'upi'),(337,371940,'online_banking'),(763,372634,'online_banking'),(275,373471,'upi'),(974,373642,'debit_card'),(734,374640,'credit_card'),(125,376474,'credit_card'),(486,378132,'online_banking'),(617,378320,'COD'),(490,379306,'online_banking'),(956,380684,'upi'),(119,383387,'credit_card'),(120,383872,'credit_card'),(678,384117,'COD'),(877,385703,'COD'),(945,386058,'online_banking'),(428,387382,'COD'),(146,389796,'upi'),(221,390177,'debit_card'),(796,393004,'debit_card'),(896,393912,'COD'),(552,394419,'online_banking'),(351,395103,'upi'),(984,395240,'credit_card'),(701,396292,'debit_card'),(65,398578,'online_banking'),(163,398777,'debit_card'),(731,399790,'online_banking'),(668,400730,'COD'),(752,401845,'credit_card'),(784,401984,'upi'),(362,402894,'upi'),(14,404492,'online_banking'),(658,407111,'COD'),(440,407222,'upi'),(706,410880,'upi'),(115,411659,'debit_card'),(194,411902,'online_banking'),(164,412288,'debit_card'),(306,412426,'credit_card'),(89,413572,'debit_card'),(578,415215,'debit_card'),(375,415619,'online_banking'),(517,415770,'debit_card'),(279,416078,'credit_card'),(613,416383,'credit_card'),(140,417287,'COD'),(223,417821,'upi'),(336,422357,'credit_card'),(493,423783,'debit_card'),(431,426015,'COD'),(782,427427,'credit_card'),(218,430567,'credit_card'),(67,430896,'online_banking'),(528,432923,'debit_card'),(529,433046,'upi'),(145,433664,'COD'),(281,434565,'upi'),(645,435748,'upi'),(8,435954,'upi'),(949,436362,'debit_card'),(39,436375,'COD'),(682,437204,'COD'),(419,440813,'debit_card'),(586,440999,'online_banking'),(478,441303,'upi'),(101,444124,'online_banking'),(937,446466,'credit_card'),(891,447136,'COD'),(473,448065,'credit_card'),(926,449767,'online_banking'),(482,451976,'credit_card'),(392,452422,'online_banking'),(475,452678,'credit_card'),(806,453015,'credit_card'),(925,454261,'COD'),(83,456987,'upi'),(504,457400,'credit_card'),(576,458822,'credit_card'),(979,459012,'upi'),(61,459625,'COD'),(141,460034,'upi'),(450,460872,'upi'),(97,462782,'upi'),(968,463690,'upi'),(47,463869,'COD'),(9,465221,'credit_card'),(90,465409,'debit_card'),(508,465638,'COD'),(96,466130,'debit_card'),(722,469042,'debit_card'),(274,472873,'credit_card'),(874,473213,'COD'),(964,473896,'credit_card'),(293,475304,'upi'),(261,475558,'online_banking'),(35,477218,'COD'),(709,478794,'upi'),(136,480450,'upi'),(851,481248,'online_banking'),(310,481693,'COD'),(885,482360,'credit_card'),(989,482718,'COD'),(538,484645,'online_banking'),(24,487791,'upi'),(631,489015,'credit_card'),(606,489591,'credit_card'),(439,490943,'credit_card'),(64,492973,'COD'),(652,493298,'credit_card'),(366,493410,'credit_card'),(177,494548,'debit_card'),(741,494727,'online_banking'),(842,494754,'debit_card'),(319,494895,'credit_card'),(600,496085,'credit_card'),(612,497047,'online_banking'),(216,498088,'credit_card'),(162,498728,'upi'),(41,499675,'online_banking'),(725,500262,'COD'),(53,500332,'online_banking'),(679,501544,'online_banking'),(414,501769,'upi'),(334,502655,'COD'),(267,502800,'upi'),(66,507200,'COD'),(900,509069,'debit_card'),(378,509392,'upi'),(108,509940,'online_banking'),(69,510502,'credit_card'),(417,510918,'credit_card'),(540,511598,'COD'),(126,512402,'online_banking'),(825,512833,'upi'),(669,514027,'credit_card'),(273,514971,'online_banking'),(260,518252,'online_banking'),(57,519336,'online_banking'),(603,519889,'upi'),(173,520370,'debit_card'),(36,521568,'online_banking'),(11,521687,'online_banking'),(185,521872,'debit_card'),(858,524379,'COD'),(804,525595,'online_banking'),(325,526435,'credit_card'),(416,526476,'COD'),(257,526730,'debit_card'),(539,526839,'debit_card'),(714,526899,'debit_card'),(580,527521,'debit_card'),(893,528080,'credit_card'),(571,530463,'debit_card'),(657,533430,'online_banking'),(195,533618,'online_banking'),(241,533768,'COD'),(278,534227,'upi'),(1,534342,'upi'),(939,534962,'online_banking'),(50,535898,'upi'),(756,536202,'COD'),(510,536260,'online_banking'),(547,538559,'debit_card'),(832,539541,'COD'),(673,540116,'upi'),(865,541376,'credit_card'),(81,542311,'COD'),(262,543466,'online_banking'),(403,544886,'debit_card'),(183,545123,'upi'),(295,545413,'debit_card'),(909,545816,'debit_card'),(335,546107,'online_banking'),(251,546410,'COD'),(633,546672,'credit_card'),(641,547479,'COD'),(988,548949,'COD'),(587,549705,'upi'),(76,552627,'COD'),(609,553001,'debit_card'),(814,553099,'debit_card'),(614,553680,'upi'),(365,553745,'debit_card'),(86,555045,'credit_card'),(702,555469,'online_banking'),(423,556078,'credit_card'),(691,557094,'online_banking'),(232,557359,'online_banking'),(181,557448,'debit_card'),(402,557514,'online_banking'),(467,558047,'COD'),(396,560613,'upi'),(934,560723,'COD'),(506,560783,'online_banking'),(726,562629,'online_banking'),(116,563776,'credit_card'),(723,563858,'credit_card'),(620,567101,'debit_card'),(377,568261,'debit_card'),(650,569338,'COD'),(426,569439,'COD'),(453,569614,'upi'),(211,569755,'credit_card'),(406,569771,'online_banking'),(372,571128,'online_banking'),(994,572628,'upi'),(642,572846,'debit_card'),(87,573485,'upi'),(15,574917,'debit_card'),(514,575215,'online_banking'),(502,575705,'online_banking'),(219,575740,'COD'),(663,577936,'COD'),(148,582240,'credit_card'),(444,584424,'upi'),(783,586696,'credit_card'),(664,586771,'debit_card'),(737,587592,'credit_card'),(476,588029,'online_banking'),(904,590288,'credit_card'),(583,592261,'COD'),(577,592362,'upi'),(330,593733,'credit_card'),(225,593826,'credit_card'),(704,594107,'debit_card'),(238,595031,'credit_card'),(495,596181,'debit_card'),(208,596838,'COD'),(497,598619,'online_banking'),(492,599383,'debit_card'),(518,600349,'credit_card'),(809,601478,'online_banking'),(638,602628,'online_banking'),(291,603048,'COD'),(838,604236,'COD'),(258,604342,'credit_card'),(230,604578,'credit_card'),(967,604839,'credit_card'),(550,605311,'upi'),(767,609677,'debit_card'),(479,609699,'upi'),(54,610969,'COD'),(130,611504,'credit_card'),(797,611982,'online_banking'),(424,612037,'debit_card'),(166,612735,'COD'),(48,615482,'online_banking'),(829,618466,'COD'),(441,618717,'COD'),(59,619990,'upi'),(391,620144,'credit_card'),(954,620317,'credit_card'),(393,620827,'COD'),(174,621313,'credit_card'),(916,623488,'credit_card'),(720,625810,'credit_card'),(180,626231,'credit_card'),(3,626734,'debit_card'),(276,627282,'upi'),(950,627452,'upi'),(598,631275,'online_banking'),(993,632202,'online_banking'),(541,634604,'online_banking'),(207,635377,'online_banking'),(802,635950,'COD'),(590,636074,'credit_card'),(941,636214,'credit_card'),(23,636647,'credit_card'),(765,637016,'credit_card'),(715,638789,'credit_card'),(62,639356,'COD'),(19,641460,'debit_card'),(465,641603,'upi'),(395,642931,'online_banking'),(149,642934,'upi'),(694,643537,'debit_card'),(358,644599,'COD'),(853,648545,'upi'),(171,648872,'upi'),(966,648916,'COD'),(409,649029,'COD'),(483,650124,'COD'),(969,650236,'credit_card'),(212,651276,'online_banking'),(636,653241,'upi'),(801,653595,'online_banking'),(469,654268,'debit_card'),(234,655996,'credit_card'),(422,658434,'upi'),(348,659665,'COD'),(947,659709,'online_banking'),(530,661072,'upi'),(895,661595,'online_banking'),(574,662051,'debit_card'),(833,667796,'COD'),(764,668022,'credit_card'),(881,668541,'credit_card'),(139,669894,'COD'),(594,670011,'COD'),(959,670173,'debit_card'),(344,670485,'credit_card'),(106,670536,'online_banking'),(104,670561,'online_banking'),(977,672652,'COD'),(770,673361,'credit_card'),(447,674111,'COD'),(843,674744,'debit_card'),(481,674829,'upi'),(266,677156,'debit_card'),(369,678771,'online_banking'),(253,679099,'debit_card'),(156,679908,'upi'),(860,682674,'COD'),(810,682815,'debit_card'),(749,683052,'upi'),(22,685836,'upi'),(454,686607,'online_banking'),(928,688301,'upi'),(812,688724,'COD'),(91,689988,'COD'),(197,691022,'online_banking'),(498,691338,'debit_card'),(601,691618,'debit_card'),(305,691643,'upi'),(834,691669,'online_banking'),(793,692800,'debit_card'),(599,694460,'online_banking'),(567,695043,'upi'),(415,697852,'upi'),(692,698941,'COD'),(683,699748,'upi'),(135,699889,'upi'),(382,699956,'credit_card'),(471,700468,'upi'),(758,701724,'debit_card'),(630,702087,'upi'),(688,703296,'upi'),(103,704150,'COD'),(233,705888,'upi'),(676,708118,'online_banking'),(995,708509,'credit_card'),(597,711322,'debit_card'),(639,712479,'debit_card'),(6,712801,'debit_card'),(622,714781,'upi'),(870,715005,'credit_card'),(697,716324,'debit_card'),(12,717712,'credit_card'),(837,718672,'COD'),(345,719455,'online_banking'),(854,719636,'COD'),(161,720539,'online_banking'),(92,720727,'upi'),(619,723038,'COD'),(300,723135,'credit_card'),(780,724789,'COD'),(326,724807,'upi'),(75,727278,'credit_card'),(544,727652,'online_banking'),(938,728245,'credit_card'),(705,728386,'online_banking'),(628,728713,'COD'),(813,729998,'debit_card'),(588,730055,'upi'),(637,731275,'debit_card'),(917,732401,'debit_card'),(841,735012,'credit_card'),(933,736195,'credit_card'),(143,736474,'COD'),(443,736493,'online_banking'),(178,736999,'credit_card'),(99,737825,'COD'),(339,737937,'COD'),(958,739675,'COD'),(463,740036,'credit_card'),(16,740054,'online_banking'),(58,740180,'debit_card'),(978,740259,'upi'),(361,741346,'COD'),(460,742476,'debit_card'),(800,743243,'COD'),(822,744266,'credit_card'),(155,744911,'debit_card'),(830,745004,'debit_card'),(515,745248,'online_banking'),(302,745436,'upi'),(134,746570,'debit_card'),(448,746767,'online_banking'),(534,747548,'debit_card'),(255,747987,'credit_card'),(329,748569,'online_banking'),(533,752529,'upi'),(44,754306,'online_banking'),(85,754856,'upi'),(823,755053,'online_banking'),(343,757557,'credit_card'),(298,758344,'online_banking'),(990,759034,'credit_card'),(923,760743,'COD'),(888,761040,'upi'),(808,761262,'COD'),(46,762690,'debit_card'),(459,764034,'debit_card'),(242,764725,'debit_card'),(236,765002,'upi'),(551,766127,'credit_card'),(827,766396,'credit_card'),(680,766767,'credit_card'),(677,767635,'upi'),(398,769278,'online_banking'),(572,770635,'online_banking'),(209,770917,'debit_card'),(301,773696,'COD'),(70,773926,'COD'),(975,774129,'online_banking'),(333,774548,'credit_card'),(193,774551,'credit_card'),(563,774986,'online_banking'),(434,775881,'upi'),(5,775892,'upi'),(591,776807,'credit_card'),(672,776915,'debit_card'),(100,777390,'upi'),(270,777652,'upi'),(176,777914,'credit_card'),(51,778525,'COD'),(307,779397,'online_banking'),(521,779875,'debit_card'),(592,780439,'COD'),(889,780454,'COD'),(940,780745,'COD'),(28,782449,'online_banking'),(778,784798,'upi'),(94,785238,'upi'),(461,787426,'debit_card'),(340,788599,'debit_card'),(845,788774,'online_banking'),(105,789663,'upi'),(747,790240,'online_banking'),(430,790461,'upi'),(376,791945,'COD'),(129,792240,'credit_card'),(32,795142,'online_banking'),(192,795157,'online_banking'),(387,796988,'credit_card'),(983,797770,'credit_card'),(259,799149,'COD'),(681,799410,'COD'),(542,799777,'credit_card'),(286,799879,'debit_card'),(516,801086,'debit_card'),(585,803108,'debit_card'),(356,803877,'online_banking'),(80,804368,'upi'),(304,804872,'debit_card'),(531,805056,'COD'),(205,805512,'COD'),(535,806849,'COD'),(963,807495,'upi'),(864,808998,'COD'),(73,809655,'credit_card'),(239,809725,'credit_card'),(745,811498,'COD'),(848,813034,'online_banking'),(237,813232,'COD'),(383,815520,'upi'),(910,816103,'online_banking'),(470,819506,'upi'),(662,820657,'debit_card'),(750,823197,'credit_card'),(332,823302,'credit_card'),(408,824213,'debit_card'),(240,824586,'online_banking'),(449,824715,'COD'),(359,825836,'online_banking'),(394,826126,'online_banking'),(849,826266,'COD'),(915,826793,'credit_card'),(112,829276,'upi'),(927,830813,'upi'),(264,830881,'upi'),(524,831655,'online_banking'),(390,832394,'online_banking'),(215,832850,'online_banking'),(113,833078,'upi'),(687,833728,'debit_card'),(850,835480,'COD'),(432,835513,'debit_card'),(787,835657,'COD'),(649,836434,'credit_card'),(188,838148,'online_banking'),(729,838469,'debit_card'),(831,839854,'credit_card'),(999,840171,'COD'),(799,840548,'debit_card'),(158,841450,'upi'),(876,843477,'credit_card'),(997,845105,'online_banking'),(836,845732,'COD'),(317,845986,'credit_card'),(670,846058,'online_banking'),(308,846429,'credit_card'),(247,847066,'debit_card'),(976,848090,'upi'),(543,848157,'COD'),(739,848632,'credit_card'),(37,849279,'upi'),(820,849541,'upi'),(110,850548,'credit_card'),(271,850646,'COD'),(446,850786,'COD'),(457,851257,'online_banking'),(82,852495,'COD'),(856,854404,'COD'),(897,856399,'COD'),(25,856633,'COD'),(250,856660,'upi'),(627,858045,'credit_card'),(282,858599,'COD'),(846,858992,'COD'),(157,861830,'COD'),(929,862019,'online_banking'),(961,863230,'upi'),(107,863429,'upi'),(634,864894,'credit_card'),(474,865138,'COD'),(727,867546,'online_banking'),(589,868309,'credit_card'),(203,869339,'credit_card'),(772,869626,'upi'),(635,870205,'credit_card'),(511,870370,'credit_card'),(644,872270,'upi'),(34,874955,'credit_card'),(728,875741,'online_banking'),(175,877700,'upi'),(191,881375,'credit_card'),(256,882185,'online_banking'),(229,882507,'credit_card'),(411,882554,'debit_card'),(316,882736,'debit_card'),(815,884115,'online_banking'),(748,884228,'upi'),(738,884441,'upi'),(653,885132,'debit_card'),(526,886426,'upi'),(824,887521,'online_banking'),(127,888956,'debit_card'),(385,890415,'COD'),(182,890532,'debit_card'),(875,891928,'upi'),(527,892224,'upi'),(147,893693,'online_banking'),(421,894968,'online_banking'),(880,895242,'COD'),(648,896370,'online_banking'),(839,898394,'credit_card'),(268,898562,'credit_card'),(987,904821,'online_banking'),(477,905073,'online_banking'),(985,905361,'COD'),(661,906357,'upi'),(131,906439,'debit_card'),(436,907986,'upi'),(2,910035,'upi'),(78,910439,'upi'),(647,912282,'credit_card'),(466,912315,'online_banking'),(656,912725,'online_banking'),(556,918160,'upi'),(118,919809,'credit_card'),(890,921245,'credit_card'),(269,922712,'COD'),(368,922920,'COD'),(18,923478,'COD'),(137,923713,'debit_card'),(789,925802,'COD'),(159,926922,'COD'),(227,928450,'credit_card'),(313,929675,'upi'),(869,929997,'debit_card'),(618,930190,'upi'),(992,930581,'debit_card'),(696,933160,'COD'),(200,933786,'COD'),(911,936293,'online_banking'),(202,937545,'online_banking'),(973,938093,'debit_card'),(582,938912,'credit_card'),(921,939802,'credit_card'),(84,940772,'online_banking'),(169,940984,'debit_card'),(132,943844,'COD'),(487,947862,'upi'),(624,949443,'credit_card'),(280,950371,'credit_card'),(871,951628,'COD'),(884,952130,'COD'),(315,952981,'credit_card'),(68,953792,'COD'),(581,954894,'credit_card'),(288,955269,'online_banking'),(456,955939,'COD'),(560,957775,'debit_card'),(568,959570,'COD'),(972,961028,'debit_card'),(433,965230,'online_banking'),(604,965976,'upi'),(716,967560,'online_banking'),(40,967618,'debit_card'),(95,968134,'online_banking'),(56,969341,'credit_card'),(596,970423,'debit_card'),(936,973736,'debit_card'),(562,973940,'online_banking'),(970,974989,'online_banking'),(27,976003,'online_banking'),(354,976292,'online_banking'),(252,976329,'debit_card'),(918,976542,'upi'),(817,979621,'credit_card'),(946,979655,'online_banking'),(373,979681,'debit_card'),(771,981260,'COD'),(761,984342,'COD'),(150,984498,'online_banking'),(93,984751,'COD'),(859,986343,'credit_card'),(957,989453,'upi'),(328,990039,'credit_card'),(689,990238,'COD'),(284,990914,'online_banking'),(400,991994,'credit_card'),(791,992635,'online_banking'),(435,992820,'COD'),(943,993020,'online_banking'),(931,993216,'upi'),(363,993997,'upi'),(616,995320,'upi'),(111,999795,'online_banking');
/*!40000 ALTER TABLE `customers` ENABLE KEYS */;
UNLOCK TABLES;

--
-- Table structure for table `delivery`
--

DROP TABLE IF EXISTS `delivery`;
/*!40101 SET @saved_cs_client     = @@character_set_client */;
/*!50503 SET character_set_client = utf8mb4 */;
CREATE TABLE `delivery` (
  `dp_id` int NOT NULL,
  `ord_id` int NOT NULL,
  KEY `dp_id` (`dp_id`),
  KEY `ord_id` (`ord_id`),
  CONSTRAINT `delivery_ibfk_1` FOREIGN KEY (`dp_id`) REFERENCES `delivery_person` (`dp_id`),
  CONSTRAINT `delivery_ibfk_2` FOREIGN KEY (`ord_id`) REFERENCES `order_details` (`ord_id`)
) ENGINE=InnoDB DEFAULT CHARSET=utf8mb4 COLLATE=utf8mb4_unicode_520_ci;
/*!40101 SET character_set_client = @saved_cs_client */;

--
-- Dumping data for table `delivery`
--

LOCK TABLES `delivery` WRITE;
/*!40000 ALTER TABLE `delivery` DISABLE KEYS */;
/*!40000 ALTER TABLE `delivery` ENABLE KEYS */;
UNLOCK TABLES;

--
-- Table structure for table `delivery_person`
--

DROP TABLE IF EXISTS `delivery_person`;
/*!40101 SET @saved_cs_client     = @@character_set_client */;
/*!50503 SET character_set_client = utf8mb4 */;
CREATE TABLE `delivery_person` (
  `dp_name` varchar(255) COLLATE utf8mb4_unicode_520_ci NOT NULL,
  `comp_id` int NOT NULL,
  `dp_id` int NOT NULL,
  PRIMARY KEY (`dp_id`),
  KEY `comp_id` (`comp_id`),
  CONSTRAINT `delivery_person_ibfk_1` FOREIGN KEY (`comp_id`) REFERENCES `logistics` (`company_id`)
) ENGINE=InnoDB DEFAULT CHARSET=utf8mb4 COLLATE=utf8mb4_unicode_520_ci;
/*!40101 SET character_set_client = @saved_cs_client */;

--
-- Dumping data for table `delivery_person`
--

LOCK TABLES `delivery_person` WRITE;
/*!40000 ALTER TABLE `delivery_person` DISABLE KEYS */;
/*!40000 ALTER TABLE `delivery_person` ENABLE KEYS */;
UNLOCK TABLES;

--
-- Table structure for table `logistics`
--

DROP TABLE IF EXISTS `logistics`;
/*!40101 SET @saved_cs_client     = @@character_set_client */;
/*!50503 SET character_set_client = utf8mb4 */;
CREATE TABLE `logistics` (
  `company_name` varchar(255) COLLATE utf8mb4_unicode_520_ci NOT NULL,
  `company_id` int NOT NULL,
  PRIMARY KEY (`company_id`)
) ENGINE=InnoDB DEFAULT CHARSET=utf8mb4 COLLATE=utf8mb4_unicode_520_ci;
/*!40101 SET character_set_client = @saved_cs_client */;

--
-- Dumping data for table `logistics`
--

LOCK TABLES `logistics` WRITE;
/*!40000 ALTER TABLE `logistics` DISABLE KEYS */;
/*!40000 ALTER TABLE `logistics` ENABLE KEYS */;
UNLOCK TABLES;

--
-- Table structure for table `not_registered`
--

DROP TABLE IF EXISTS `not_registered`;
/*!40101 SET @saved_cs_client     = @@character_set_client */;
/*!50503 SET character_set_client = utf8mb4 */;
CREATE TABLE `not_registered` (
  `Unique_ID` int NOT NULL,
  `Cust_ID` int NOT NULL,
  `phn_no` int NOT NULL,
  PRIMARY KEY (`phn_no`),
  KEY `Unique_ID` (`Unique_ID`),
  KEY `Cust_ID` (`Cust_ID`),
  CONSTRAINT `not_registered_ibfk_1` FOREIGN KEY (`Unique_ID`) REFERENCES `users` (`Unique_ID`),
  CONSTRAINT `not_registered_ibfk_2` FOREIGN KEY (`Cust_ID`) REFERENCES `customers` (`Cust_ID`)
) ENGINE=InnoDB DEFAULT CHARSET=utf8mb4 COLLATE=utf8mb4_unicode_520_ci;
/*!40101 SET character_set_client = @saved_cs_client */;

--
-- Dumping data for table `not_registered`
--

LOCK TABLES `not_registered` WRITE;
/*!40000 ALTER TABLE `not_registered` DISABLE KEYS */;
/*!40000 ALTER TABLE `not_registered` ENABLE KEYS */;
UNLOCK TABLES;

--
-- Table structure for table `order_details`
--

DROP TABLE IF EXISTS `order_details`;
/*!40101 SET @saved_cs_client     = @@character_set_client */;
/*!50503 SET character_set_client = utf8mb4 */;
CREATE TABLE `order_details` (
  `ord_id` int NOT NULL,
  `prod_ID` int NOT NULL,
  `seller_id` int NOT NULL,
  `cost` int NOT NULL,
  `ret_rep_eligibility` tinyint(1) NOT NULL,
  `money_to_be_collected` int NOT NULL DEFAULT '0',
  `address` blob NOT NULL,
  PRIMARY KEY (`ord_id`),
  UNIQUE KEY `prod_ID` (`prod_ID`),
  KEY `seller_id` (`seller_id`),
  KEY `rr_index` (`ret_rep_eligibility`),
  CONSTRAINT `order_details_ibfk_1` FOREIGN KEY (`prod_ID`) REFERENCES `product` (`product_id`),
  CONSTRAINT `order_details_ibfk_2` FOREIGN KEY (`seller_id`) REFERENCES `sellers` (`seller_id`)
) ENGINE=InnoDB DEFAULT CHARSET=utf8mb4 COLLATE=utf8mb4_unicode_520_ci;
/*!40101 SET character_set_client = @saved_cs_client */;

--
-- Dumping data for table `order_details`
--

LOCK TABLES `order_details` WRITE;
/*!40000 ALTER TABLE `order_details` DISABLE KEYS */;
/*!40000 ALTER TABLE `order_details` ENABLE KEYS */;
UNLOCK TABLES;

--
-- Table structure for table `orders`
--

DROP TABLE IF EXISTS `orders`;
/*!40101 SET @saved_cs_client     = @@character_set_client */;
/*!50503 SET character_set_client = utf8mb4 */;
CREATE TABLE `orders` (
  `Cust_ID` int NOT NULL,
  `order_id` int NOT NULL,
  PRIMARY KEY (`order_id`),
  KEY `order_index` (`order_id`),
  CONSTRAINT `orders_ibfk_1` FOREIGN KEY (`order_id`) REFERENCES `order_details` (`ord_id`)
) ENGINE=InnoDB DEFAULT CHARSET=utf8mb4 COLLATE=utf8mb4_unicode_520_ci;
/*!40101 SET character_set_client = @saved_cs_client */;

--
-- Dumping data for table `orders`
--

LOCK TABLES `orders` WRITE;
/*!40000 ALTER TABLE `orders` DISABLE KEYS */;
/*!40000 ALTER TABLE `orders` ENABLE KEYS */;
UNLOCK TABLES;

--
-- Table structure for table `product`
--

DROP TABLE IF EXISTS `product`;
/*!40101 SET @saved_cs_client     = @@character_set_client */;
/*!50503 SET character_set_client = utf8mb4 */;
CREATE TABLE `product` (
  `product_id` int NOT NULL,
  `mrp` int NOT NULL,
  `quantity_avl` int NOT NULL,
  PRIMARY KEY (`product_id`),
  KEY `p_id_index` (`product_id`)
) ENGINE=InnoDB DEFAULT CHARSET=utf8mb4 COLLATE=utf8mb4_unicode_520_ci;
/*!40101 SET character_set_client = @saved_cs_client */;

--
-- Dumping data for table `product`
--

LOCK TABLES `product` WRITE;
/*!40000 ALTER TABLE `product` DISABLE KEYS */;
/*!40000 ALTER TABLE `product` ENABLE KEYS */;
UNLOCK TABLES;

--
-- Table structure for table `registered`
--

DROP TABLE IF EXISTS `registered`;
/*!40101 SET @saved_cs_client     = @@character_set_client */;
/*!50503 SET character_set_client = utf8mb4 */;
CREATE TABLE `registered` (
  `Unique_ID` int NOT NULL,
  `Cust_ID` int NOT NULL,
  `phn_no` int DEFAULT NULL,
  `email_id` varchar(255) COLLATE utf8mb4_unicode_520_ci NOT NULL,
  `cust_password` varchar(255) COLLATE utf8mb4_unicode_520_ci NOT NULL,
  PRIMARY KEY (`email_id`),
  KEY `Cust_ID` (`Cust_ID`),
  KEY `u_id_index` (`Unique_ID`),
  CONSTRAINT `registered_ibfk_1` FOREIGN KEY (`Unique_ID`) REFERENCES `users` (`Unique_ID`),
  CONSTRAINT `registered_ibfk_2` FOREIGN KEY (`Cust_ID`) REFERENCES `customers` (`Cust_ID`)
) ENGINE=InnoDB DEFAULT CHARSET=utf8mb4 COLLATE=utf8mb4_unicode_520_ci;
/*!40101 SET character_set_client = @saved_cs_client */;

--
-- Dumping data for table `registered`
--

LOCK TABLES `registered` WRITE;
/*!40000 ALTER TABLE `registered` DISABLE KEYS */;
/*!40000 ALTER TABLE `registered` ENABLE KEYS */;
UNLOCK TABLES;

--
-- Table structure for table `ret_rep_requests`
--

DROP TABLE IF EXISTS `ret_rep_requests`;
/*!40101 SET @saved_cs_client     = @@character_set_client */;
/*!50503 SET character_set_client = utf8mb4 */;
CREATE TABLE `ret_rep_requests` (
  `o_id` int NOT NULL,
  `adm` int DEFAULT NULL,
  `product` int NOT NULL,
  `del_per` int NOT NULL,
  `eligibility` tinyint(1) DEFAULT NULL,
  KEY `o_id` (`o_id`),
  KEY `approved_by` (`adm`),
  KEY `product` (`product`),
  KEY `to_be_picked_by` (`del_per`),
  KEY `eligibility` (`eligibility`),
  CONSTRAINT `approved_by` FOREIGN KEY (`adm`) REFERENCES `admin` (`Unique_ID`),
  CONSTRAINT `ret_rep_requests_ibfk_1` FOREIGN KEY (`o_id`) REFERENCES `orders` (`order_id`),
  CONSTRAINT `ret_rep_requests_ibfk_2` FOREIGN KEY (`product`) REFERENCES `order_details` (`prod_ID`),
  CONSTRAINT `ret_rep_requests_ibfk_3` FOREIGN KEY (`eligibility`) REFERENCES `order_details` (`ret_rep_eligibility`),
  CONSTRAINT `to_be_picked_by` FOREIGN KEY (`del_per`) REFERENCES `delivery_person` (`dp_id`),
  CONSTRAINT `eligible_for_rr` CHECK ((`eligibility` = 1))
) ENGINE=InnoDB DEFAULT CHARSET=utf8mb4 COLLATE=utf8mb4_unicode_520_ci;
/*!40101 SET character_set_client = @saved_cs_client */;

--
-- Dumping data for table `ret_rep_requests`
--

LOCK TABLES `ret_rep_requests` WRITE;
/*!40000 ALTER TABLE `ret_rep_requests` DISABLE KEYS */;
/*!40000 ALTER TABLE `ret_rep_requests` ENABLE KEYS */;
UNLOCK TABLES;

--
-- Table structure for table `reviews`
--

DROP TABLE IF EXISTS `reviews`;
/*!40101 SET @saved_cs_client     = @@character_set_client */;
/*!50503 SET character_set_client = utf8mb4 */;
CREATE TABLE `reviews` (
  `order_id` int NOT NULL,
  `review_id` int NOT NULL,
  `stars` enum('0','1','2','3','4','5') COLLATE utf8mb4_unicode_520_ci DEFAULT NULL,
  `review` blob,
  PRIMARY KEY (`review_id`),
  KEY `order_id` (`order_id`),
  CONSTRAINT `reviews_ibfk_1` FOREIGN KEY (`order_id`) REFERENCES `orders` (`order_id`)
) ENGINE=InnoDB DEFAULT CHARSET=utf8mb4 COLLATE=utf8mb4_unicode_520_ci;
/*!40101 SET character_set_client = @saved_cs_client */;

--
-- Dumping data for table `reviews`
--

LOCK TABLES `reviews` WRITE;
/*!40000 ALTER TABLE `reviews` DISABLE KEYS */;
/*!40000 ALTER TABLE `reviews` ENABLE KEYS */;
UNLOCK TABLES;

--
-- Table structure for table `sellers`
--

DROP TABLE IF EXISTS `sellers`;
/*!40101 SET @saved_cs_client     = @@character_set_client */;
/*!50503 SET character_set_client = utf8mb4 */;
CREATE TABLE `sellers` (
  `unique_id` int NOT NULL,
  `seller_id` int NOT NULL,
  `seller_uname` varchar(255) COLLATE utf8mb4_unicode_520_ci NOT NULL,
  `seller_password` varchar(255) COLLATE utf8mb4_unicode_520_ci NOT NULL,
  PRIMARY KEY (`seller_uname`,`seller_id`),
  UNIQUE KEY `seller_id` (`seller_id`),
  UNIQUE KEY `seller_uname` (`seller_uname`),
  KEY `unique_id` (`unique_id`),
  CONSTRAINT `sellers_ibfk_1` FOREIGN KEY (`unique_id`) REFERENCES `users` (`Unique_ID`)
) ENGINE=InnoDB DEFAULT CHARSET=utf8mb4 COLLATE=utf8mb4_unicode_520_ci;
/*!40101 SET character_set_client = @saved_cs_client */;

--
-- Dumping data for table `sellers`
--

LOCK TABLES `sellers` WRITE;
/*!40000 ALTER TABLE `sellers` DISABLE KEYS */;
INSERT INTO `sellers` VALUES (137,478082,'00037127-21d8-49d9-98fd-bd081e67c748','gmPDd5'),(426,786975,'006fabd8-6ac7-4915-a9b1-017327e52a17','OOsYKUH'),(42,635425,'00fcec32-9261-4044-a0e9-44abb81f1986','cvzj9hYTOC'),(146,573233,'01479b42-3473-4fec-b74b-65d632628df9','TtgMAPz'),(379,450006,'0160020d-abb6-4e6d-a375-e6ebf78e7fc4','pXVvyt'),(286,916352,'01b9ea12-e49d-46ff-aaba-128bf3215507','X1afRKb3'),(256,781908,'01e7af29-c0eb-4a47-9901-177537763308','2lgDT8'),(37,264303,'01ff378a-b4c6-483c-8f37-505af44a84c8','8UWsGztu6'),(489,205375,'02a1d3e3-301e-4a78-b1e0-56faeb6484cd','4gOM4I'),(769,58140,'02cff36d-17e7-4443-8bb5-fdb91904981c','yYyjy0z'),(397,219353,'02d5092f-e28c-4dc7-8ad7-c89b87a8edc0','xXHftNVC1l6'),(511,258318,'02ea202d-be58-4a42-89db-377b823b770d','hTwRtBE'),(334,556796,'03198523-91e2-43c0-971e-86bfab925901','j0S3o5uz7NEO'),(925,654113,'03230745-a9bd-4c6e-ad08-48860de7aa25','ZDDQcx'),(355,61231,'034e25c5-5f4a-4357-be11-c6f0b9db3c92','qv1PBkTAaAF4'),(523,225001,'0383d30b-ba61-4ed1-835f-3912d461ec6e','H24BzdKA'),(175,596657,'0397471e-92a7-406c-a641-0f77877d1e9b','pjKeAGPio'),(821,110447,'03a6e1d9-7370-491a-bc5d-8e2b8125ac3d','clmTJ3URx'),(510,916817,'03a7958d-aa53-4750-b1fa-3b42656d504b','nJNmMnPCMo'),(1,477947,'041f1a23-9bb6-4433-bece-47a347423418','NAoArgGUpPt'),(541,431873,'0448b39c-a0ed-4b41-9f10-c78a68a948bc','9aA5y1QA'),(751,335464,'0528797c-3e21-47ef-b434-f3bde2abf43a','VFIq6dKG'),(118,33524,'0632792d-3ae2-4205-9c82-b57e6d66c8df','t0rwj5'),(912,28711,'06890347-a2dc-4000-9e3c-715bdef559ee','3Yf4tMmdUGD'),(60,936438,'068bd7f5-1bcf-47e2-8f49-5d2234c5abd7','81lv6p0OQ'),(55,162053,'072a20fd-1d17-4a4d-ba0a-714725c1a9b1','uzbM6jv'),(103,950737,'077169ca-2ce4-4955-aaf3-c230ba75e9f9','Sit27fo8Spw1'),(4,473795,'07721926-4374-4be4-a738-f06676b8eeb9','DU4g6l'),(890,184278,'07a82eb5-71c0-4a82-8867-78110714af4c','T5TzcGp'),(423,699886,'07b7ff04-fc25-4a21-a0d6-24f9d9ecfade','ujwHYJWz8lw'),(705,862322,'07ce2268-3762-4f7d-89ed-666d7a9b82c5','L1gwpP1VLAVb'),(646,786761,'080f2084-a2f1-4c27-86f9-7cc4a0bddcf8','iK06Ih'),(278,818260,'08159715-f381-4259-ac9b-3ca1165e86c5','R7Ne6opmE'),(708,694721,'08486195-5eb1-47d7-b688-1d7d4792b15a','cA0IrBEYVc'),(19,153103,'08794997-ac8a-499b-95ec-e94884c7e0a2','dLFv3GeinGHT'),(82,331317,'091006c7-582c-4a76-971c-72e967626d99','jiKVXl'),(720,874877,'0944947c-9c1f-4063-8943-3ee6f146a787','XEK4jkxL3P'),(710,474124,'0a9f4613-be2b-48b1-ad1c-23500127d9da','auCzUbSsrjkZ'),(396,433442,'0bc03358-c894-4f60-91bb-7cb64226ec72','5uBrTlwX'),(135,925345,'0bd925f0-65cc-4333-af43-8eaeaf1dd04e','izoYmdBrX'),(264,320537,'0c89b8db-c157-4472-aa29-430a1a138484','mVTMRnDg6'),(439,814068,'0c945731-0184-4fce-8ae7-6a3bf973dde3','rLR4goOpOC'),(223,78055,'0ca3cd50-c87c-469a-87b0-54a479f48280','bNxp0t1ZU8'),(367,166851,'0cb6ade3-687c-4404-8288-0f5b76a2a3b2','h1z98EnAy'),(742,979412,'0cf9d285-3cb9-4e4c-bcb1-65ab513752cb','ZE14ao5BMY'),(812,540884,'0cfc089b-009c-47bb-bab3-86265fc2b3f0','moKXQo5KVE'),(729,920675,'0d0f9b46-2be5-4905-8959-9869ad3409fc','ydTQfPoK'),(745,376195,'0d31a55f-53f2-42da-8e0f-21d2951a1787','ADFWvmCj'),(957,705393,'0d66c09c-5b65-4076-afc3-d6c2fa65dcf2','Ov3VNM'),(699,399028,'0dd93578-fac0-4639-83e5-f73aede08e75','S9Fldy2uS'),(856,636292,'0de182ad-dfce-41e5-83f9-7456f0c9edfc','YxV7JTNbNN4'),(121,540268,'0e019958-2812-413a-a2c8-17f313353ad5','42nTP9Ko'),(328,912420,'0e0854db-721d-4433-9534-0eb6f1707433','0j0IknwL7YeG'),(165,442276,'0e37a261-7322-4e38-8b2e-7f76192d182c','COKPFNYF'),(765,467998,'0eac7f63-1a62-4080-9ca5-40ae37e19360','nS276q08'),(715,280219,'0ef39e6a-e6fd-43da-8567-67b65aa805af','uBrB4R0KkhPH'),(593,19387,'0f0b8835-8b3f-4730-99c1-20e07593a7f5','ljS78UomzIn'),(473,734406,'0f881bbd-caa7-4f33-954e-27937d86f6ac','yLmCQXiz'),(491,692728,'0fb4f026-ae39-4745-a179-20ef9a8a9634','OFlyxPMy9qT'),(321,44824,'1072696b-b0a1-4bfd-8719-c25280e23197','GeaKl62SL'),(797,191401,'108323d8-f5ef-425b-ba00-ab88cf9776c3','7i79ZYNjdwrC'),(369,883356,'10a675b0-7ba0-45bd-bf86-fca714f54293','82s5vBM'),(877,807170,'110d5021-6cff-41b8-8347-b9fc36c191bc','gZLczj'),(501,937711,'1136bb07-cc8a-405f-b3cb-d682726fadd0','S6AjYxGoN9Gf'),(13,417370,'113fb0d7-187c-4c4b-be3c-25fc2e6b2d49','2IDQAjZ'),(248,289823,'1163e70a-2cf6-4257-9091-95af2b613915','Od8ponPmhBNP'),(888,478130,'1170d5af-0be8-4bea-a70c-939ed0e42060','8eBEtBP7'),(909,989846,'117ac504-f7ff-4810-b9cc-82d3cd70499d','3ReFeV'),(756,157852,'118d324c-8aa4-4e7a-b77c-176d79e4cb25','KHRk7H'),(112,55835,'120791ff-daa6-4a49-9c50-826768161d5b','hZ3sgF'),(637,313255,'1221425f-dd72-4e5e-9f02-257772184529','4xPeUr'),(380,281399,'12464ce5-7d7d-4b7f-81d8-86be6fad5ab5','CRNxLA'),(960,975689,'12e1c6db-e253-4973-a208-531b41e18ab4','3jyziDT'),(712,965726,'136bcf11-fc37-4712-95c1-e640b247e923','zO2kYJ9nQU'),(515,440277,'13df5e5d-0a7f-4412-940c-ba4d1d1efa59','n92GCCNo'),(337,573996,'146d7b59-c82f-4546-81f4-eb05e0465960','XOd3HpHSc'),(313,896633,'1482da24-cae9-4369-9f48-7e12d33798a2','vQaJOPASBF'),(253,239691,'14a64904-3b80-4efd-bc43-7ce9c61f5408','I14j5YouCubs'),(66,923130,'14dd4ec6-6f40-4df3-9c03-76c7428011bf','ueWsp4W2D'),(3,971955,'1583a46b-4b1d-4698-8710-913a77b5263f','bmRacSldd'),(215,827148,'15a140ad-e4f0-4e56-a671-e84151eeb09f','CXvPcqI'),(485,638583,'15ad65dc-897c-49b3-9aaa-6ff8c17c267d','vbIZjmkdN6'),(342,105317,'164e50f7-c0b0-484d-af58-5b3414089a5b','stn4FE8oXT'),(645,293810,'16b152a9-1049-4b2b-9468-5a2d69a15638','SxMS9JC3'),(318,540800,'16d169a0-0f6b-4246-b0dd-56183958b0be','MWU9Hu'),(539,320583,'1718c1a9-30df-414f-8244-4f554d3bfe62','TacHX8QIs82c'),(132,77394,'173e6550-d5ba-4095-9a96-4a2b64fdba07','3GKWo5A'),(996,637914,'17666c61-8185-425c-b819-d35822fa271e','YEMz8wB'),(359,613769,'181ad829-8ee9-4f96-88a0-1af8832888a1','6iDuyxQ'),(736,810927,'18a03256-d2a5-400f-82c6-fccd5e7fb6d7','kR81uN0tfIs'),(284,350919,'18ac84e5-261f-40c7-927d-f20189925263','zq1EVFHj'),(549,577305,'19b18449-441a-49d6-a314-cb96b9baa737','SqmGQTJlq'),(243,107087,'19f35c93-f6f6-411b-b200-d7f2cc364548','AY3EXeEK'),(724,172881,'1a04a634-ad92-4008-a7df-971f5bead776','KXasgAPH'),(980,686537,'1a0cba1e-c166-4b52-a514-c8a6a620d021','PlJUtu'),(311,988355,'1a29a564-1d36-45eb-ba76-4b2d0daae297','zfiQduW1wqK'),(299,266243,'1a5f19e1-0007-47ab-9f29-679c7f13a71c','ANdPG09'),(830,796272,'1a65b12c-8f2c-4ddf-8682-ff82118903d3','e7CFprl'),(667,385512,'1a789d72-e9bb-4330-bd20-aa4a75879ace','tT2b8C'),(100,834604,'1b038b6a-d552-48d3-9c8c-d9b3ae906ac6','smmwqRg'),(809,707574,'1b489667-1cee-4264-bc00-f8b66d7b7a60','hNnadwHeMQ'),(998,324081,'1b945b7e-884b-4e21-b71e-252c06efd33d','L1aZzLVZ8U'),(607,844128,'1bb31b14-5e99-4300-8142-c798664614cc','ABUi4Fnv'),(519,91598,'1be030a4-7634-4f02-820b-bb3cf3ec1aa9','YmiJZBHGjOpt'),(189,316549,'1c0946f0-adb4-44f8-b166-1822209685a1','ruDCmew'),(274,331644,'1c6ebad6-f916-42f2-b5a8-fa494eb9deaf','RMBVLglOb2x'),(778,924731,'1c9d851b-ec5c-4d3d-b46f-48811b7a657a','KOillrP'),(498,797432,'1cb8e189-e46d-4983-8499-c630cc6ee36b','eVByqShO'),(847,789664,'1ce178a2-8251-438a-b52a-74e2e42a301a','Lx8ebAo'),(799,970736,'1d18808d-5918-4a10-86bf-c59429d12aa1','5P29kHO92'),(894,517674,'1d2c3c77-885d-4a2f-9730-2cc01420c969','jZQR2I'),(766,98280,'1d4ca411-5699-4f89-b8b4-1716dd511e83','D729b4'),(964,513516,'1df88816-5a11-4b18-b7b5-5c4daa452987','cWgCIxdAoVJ'),(738,677767,'1e0a7547-8e76-43a3-9dca-30750696a976','4vzf1gbce'),(83,308047,'1e43c2bd-5a1e-4ee9-b0c7-ed0a4f866012','yWTqal0'),(449,393968,'1e95a86f-d634-43a4-875c-2b9e8d3b2eb8','BwKH9sXGdT'),(464,552495,'1eabf200-7869-497d-b4d8-41d575995f22','YrXdaDnbUMXx'),(133,150107,'1f4047dc-5e06-458c-8074-bd58e76a7377','BUQIt2OjB2y'),(994,363235,'1f6f3c31-de09-471b-9d39-78ba26431965','CPDwFkR1'),(651,650543,'1feba699-a6b6-4da1-8648-8aaf37e7e047','FdXjz03N'),(443,947634,'20762956-9648-48ed-a83a-48be44befbca','lcpCAHWgiCA'),(105,340844,'210d2ee3-88fa-4938-85c5-16109f8db0d4','tKFq0BFNecu'),(661,387654,'214bc170-4bf8-4648-97f1-c046ec881037','cjFax85zm'),(985,586207,'21898cdf-a791-44b5-a834-eed41ef4b048','IOv1S52w46'),(748,25461,'218aea60-4a38-4986-ba8c-0de50a8964ec','gIk8Rd'),(441,992938,'2192d3ca-2436-40db-9279-5d83c83929c6','Ng8Ug7RLeddi'),(981,568161,'2199fb84-afe9-487e-b5e4-ea93a7e7b53b','ZrPFoymMCm'),(383,664407,'21c9aef4-f9c9-4fdc-a192-649f9f7aefd8','5lrSLNupjrB'),(525,907366,'2248cb40-7340-48ef-b06f-b428439bb475','DUw9Vu6'),(531,190091,'227d17f5-335c-4a96-bc04-58cde349ebb9','8bqIdzyTW'),(437,415277,'22944f63-8374-42a0-af46-9d8e58d9b660','TRo6yS8T5LU'),(346,89034,'23c30b16-20b3-4f7f-8fac-de44f0fd9d97','Q818HP35'),(308,576107,'23cabcbe-c2ee-4faa-8d17-7d4275fab3b2','H4nPMvASFc'),(758,611610,'24bbe5bb-6a20-4d63-a5fc-ba0baf30f861','X4dvVNt6gd2'),(470,592832,'24c0f8a8-9881-4705-bd10-c74f4c4282ec','jYUmmxBpU'),(921,620234,'2519b95a-1b08-47a9-923b-953620b3d18e','5qgiMfjAMbYj'),(332,870887,'251b091a-b9f6-45f4-9472-7ccf717b0d1a','4zTBzS3nX'),(617,79168,'252f7754-1c3c-442f-8f76-7bb4b8926bbd','yPmAuVJRT0'),(566,880455,'25d4b86e-5134-42f7-9589-e5ae0255a94e','zbpKTV'),(967,571424,'262d9a5f-4315-4558-8acb-f36a7ae76c92','k344JxrH1iLK'),(683,779147,'26754197-88d6-407e-9207-d4c299d183b1','05RgduD6Me'),(592,65814,'26bbe959-e06e-489a-84d5-ab4100874ee9','K4NGVg0Yl5K'),(167,548557,'26fbc67b-79dd-4a89-b297-f972fefed0f7','G3u4I6Qdzq'),(786,746835,'27223517-292c-4f7d-86c5-aa3b449b3a52','4jyQAFILYAl'),(938,619497,'275869d2-469d-4cdc-9cd7-9d4d8fc70d5c','LecqKURl'),(861,971110,'27650816-68f9-4504-9670-e5ece7581f25','qSSptpBbC'),(684,313905,'2787ccda-52bd-4b09-9c15-9d9e896eee44','OSmjFC0bmM'),(87,640416,'27fc179f-2fe1-4c33-85d1-8f5fe522a30c','eowKbMS2uK'),(839,359738,'28327f04-51b0-457f-bb36-2925a3cd479b','6RtlZfx'),(743,379170,'287ae051-e8f3-4de4-bffa-b9a9b28b97cb','0FXvlRfGZeMd'),(156,643078,'288917e6-ae7a-4a60-91a7-43be6d2d20d5','b7ph5ajncc'),(85,556521,'28facb50-33ad-4c1b-9912-d52629de14a9','0rbpaEADGWU'),(180,74148,'29838797-faac-4e9a-931c-101a1d1287ef','KkU4ZS8y1kb'),(115,271109,'299bde97-a13f-489a-b5f5-ab76833dc50d','3QP2jZ'),(88,976497,'29ad86ce-1a15-4d06-b3e1-c50b6b5fe120','uFkG1rg9'),(875,227214,'29b1cc8f-f681-469e-99be-905ba13f7d90','9QeltLu5E'),(389,845797,'2a533d2c-bcc0-4d2d-be9e-4ddb6c3cc440','O8Fsj16'),(789,590454,'2aa1ded0-e50d-4f72-beac-6664d7b22f6e','V6J8b4mN0'),(940,21424,'2aaa578b-e87e-4821-b7c9-0833d065e55a','cgkITNXvzjO'),(990,342726,'2b134eea-27fc-4850-81cd-741b355b258c','1NzA6XveYai5'),(872,853478,'2b14130f-a3e9-45e5-907e-1524984024f8','M1kohLI'),(302,658013,'2b3659af-e87e-43bc-95a0-190a84d90ba3','kiTSzyWBO03'),(44,941722,'2c5101ce-2b0c-4b56-8c83-6b272d528d1d','sZpPv24bkKF0'),(776,280143,'2c660932-e41e-4307-8ff3-911328454a29','alAl32Y'),(658,24331,'2c91ba5a-5e45-405d-b85a-b7bf7e3087c0','mux665Z0N3'),(204,777487,'2ccfce7d-80c5-41e0-94ec-bf76f8dfaa77','3fEbIfFPEj'),(968,534450,'2cd3039b-5e9f-4b90-b9fe-a65a6cb2d133','mbAjVMaD'),(878,250749,'2d2bbbb7-c182-4f55-9ba9-2a847225cc28','xgkcYMUY4'),(542,8075,'2d7182a8-9bfb-433c-837c-8b269bc2cdab','FRnNdDtbi'),(185,416044,'2e0bdbc3-e7ab-4bcd-bb62-d698c418bb92','uKed97jIy3'),(272,551444,'2e460983-b3d0-4a47-b17c-93431df79742','ITwPVpze8A'),(201,878745,'2e8f04b7-ea95-4a01-b60d-f9ed8b6f4050','Nb1iyiD'),(119,524431,'2e978edf-fba5-4356-aeef-3249cb4e38cc','DNdx2CEe'),(692,529777,'2f1486e2-1801-46e5-8090-75af5bb70484','HpUSW1PZUX3'),(43,597995,'2f8641a4-0587-46a5-a730-0e26599bf055','sBO9kpCJb'),(319,861464,'2fcce31d-2a77-4851-b3d0-f13ef48b0370','Z5nB1gpi8N6J'),(792,681188,'2fcd7099-0728-46b2-aaba-64d46ddf4bd0','SHC4mFJavSM'),(739,470620,'2fe0d2a4-cb24-4f7c-9309-9d79995280a3','lZfffJ42V'),(374,335151,'301416f9-4515-4928-add6-91ff7515fbc4','WQ142UOEmYe'),(184,222537,'30738069-c4d7-4b01-92e4-af92b2c60a8e','6FGRFb'),(905,390057,'30ae8f84-18cf-4195-976d-14ac713510a5','Shj9sfH'),(448,836105,'30d64dc3-363f-4698-83a4-41a8de4ccd42','ZyD3L5Vixab'),(760,359929,'30eb3cf3-dbbc-43aa-9fdc-41e5a094c912','l7vTykaXn'),(164,174974,'311e2b23-57d3-4ebf-ac9f-a03d480816d8','0bWWDlRboXzK'),(22,803462,'314c9efb-34ae-488a-88e7-6157044a37a1','MjQOSO5Jkcqx'),(648,88095,'316e1cc9-d35d-47d0-ac65-1eb8a373f2ac','veu1eBZbh'),(868,895918,'3187a57c-60f0-45e4-b76f-50b810eeddff','toE8gyDhfH'),(680,456877,'319afbb3-1fde-4b6c-8797-a9b8eedac6d1','32yCFHF'),(24,938507,'31a3fe9d-c13e-428c-953c-7ed90cd1db3c','xDi2r5sSE7'),(399,999275,'3201e56d-6c68-4fa0-9758-5bc3782a6d13','uiKVwmox'),(472,234446,'3293a5b0-91b0-4613-a1cb-4e642240abb0','nvcRLz'),(420,445377,'32e0c5c0-b243-495a-93b3-9b44d5660518','xC5jllb'),(916,691939,'32f1636e-1613-45f9-9fa6-14fa2eaf2cd6','7WxxTYF'),(97,2765,'330ac18c-47f4-4aa5-9703-58e716759052','R4fGyTfV'),(612,615610,'3352d9d5-ec36-42ee-afe2-55c713678909','wDFrPjJI'),(315,554012,'335bf8d3-2f8b-4c98-bfbb-760ad43ca1a0','jdIcVWP'),(674,251326,'3369b37e-089a-4cd2-bf6f-4f58ce01c1ed','l5lDH7JUohGB'),(991,428243,'341e9c20-95f9-4edb-a7d6-20964f34753a','PDrJljt9WM'),(572,199997,'348ee4da-7024-488e-b28b-d04fc504fc32','BJV6vZ'),(576,110159,'356ecfd0-47c0-408e-9b5b-d72675f0e825','kHlhVSubk'),(391,314876,'3571c7d0-c0c7-4965-b758-7afb456eb5eb','7J83jCFNF7ux'),(818,476772,'357efd63-553d-495e-9848-58c8f48b2ae5','hd506gm'),(211,350485,'3650d238-d9d1-4905-a77a-ce9e27613505','PZcdpPF'),(271,726050,'37053115-39b3-4f51-9688-61961f097933','ESVw8CB'),(573,556730,'3727d544-7f41-492b-a66e-984b0649065e','Ud2iNj'),(292,51965,'3745f5b1-2d4e-4059-aedf-9adea432abc9','gjzjUWSepLU'),(747,758726,'37501d76-4a11-45df-a9e5-d0d6b0b3093e','IEZM1A8r'),(599,510667,'37f6010b-34d0-482c-ae1d-d0fbaceeedd4','uLEUe7IoLD'),(594,801801,'38b3b0fc-5784-45e4-ac05-afead823e9d6','iv8sFPT'),(565,995899,'38b51ebf-60d7-4c10-901b-852be0780a24','7CES2Fwnl2h'),(291,118368,'38b54861-b4b1-41fd-88d4-815106049064','TATDaVsF'),(935,234641,'38beee47-fe25-4a2f-8bd0-eaed85689ac5','Ye1L9l1PT'),(266,227144,'393b6c5c-04c8-4739-8584-58c350a44e76','DrJfhV'),(965,587096,'39b0bbec-1e43-4241-ae7b-34ccdb2a0315','rn5jFjJ5i'),(824,95980,'39bc9f1c-bbc4-4fee-aa65-780a433c2d41','NjdpQh0uW'),(883,378708,'39c5c167-f04e-4180-bba9-39450ab93cff','DCjTxT'),(130,969862,'39c93cf3-6be1-4444-9437-c20e9449ae3f','t4eSFs'),(490,673915,'39fb4542-0c79-4f38-8a9b-01f68c357df9','wBMgUlNZvd'),(913,43539,'39fe3efa-9f9d-48aa-b339-bc24b5dc23cd','fPAztijW'),(23,207156,'39fff4c1-8738-4cf1-8c59-94ddeb111da7','j4MytK39e'),(224,254134,'3a0ff345-d33c-4a43-bc9b-cab48b9bbbcc','0Y4Z2XTZWv'),(564,878645,'3a1689cf-12db-4760-aff6-be5938698e2d','YP7b3Wmdy'),(487,162422,'3a6d455d-b5cd-42e2-a317-29668bde72f4','4OxL6gFRL'),(16,716723,'3a7b176a-406e-4b11-8e60-0a8520c722f3','K0DRwtFWPQX'),(609,507612,'3b00aec2-838a-4636-8fc9-31cffca413cb','yoscCg'),(352,395874,'3b13bdb4-d5ea-447d-9ea1-c206f4851563','VDLzSxRQSng6'),(77,421121,'3b2f3e13-365a-405d-968b-469b55cb88ec','XXiSfHlnoaND'),(547,531241,'3b4ba8eb-e577-403d-beb0-91ecf9a030e7','9dINjVMb'),(268,418514,'3b4e60d0-30cf-41d0-92d1-47bd24fd893e','54gS96ES'),(608,372395,'3b7fb76e-65e8-46d4-82b9-e58123b70230','nA17iRDrd4N'),(911,435594,'3be5e4a7-1888-4a48-b051-87273214fd90','CTwocwzPnUr'),(49,919280,'3bfbccbb-5da6-4d13-8bc8-3fbcf3c16577','jBdDxI7fV0Qo'),(953,859101,'3c11db67-7170-47db-9899-63a53f7e4c4c','yv6BlpyVR'),(591,794981,'3d62bb0a-fb0b-4b3c-8a94-0050a3ed666b','1yBrJa'),(972,966016,'3d9cfa2c-f969-4499-9e9a-dc161af7d471','GZ1A7L8ZdJQ'),(663,475590,'3e6e5ed6-f7ea-4010-a96c-725d27867298','3XUYye394v'),(160,89463,'3ecb1f6e-28d1-49f4-af91-8993e0c2f353','EcVdytuy'),(17,107969,'3ecfdb66-53be-429a-aff9-d49f4dc1070a','5CyHxbyBiO'),(126,163801,'3ed283fc-3479-4075-a352-01cf793d70de','CFizdp'),(307,38821,'3ee2c9fa-953d-4b7c-a36a-2b9d26e6a90e','rOqAn5vK4np'),(1000,150470,'3eea5acf-3150-445e-88e3-de643cf4e859','HNBtJXrpLcvH'),(384,912432,'3eeb19f6-d55b-48a6-abff-a13c2d9ca9a3','gmpUqcok'),(700,472751,'3f2dcd8c-f762-44c7-978d-06171d042a62','5JhC3ys'),(963,278839,'3f4fc5ec-dd66-47dd-9179-5cb1e928aae6','Ex02UsMFHAxD'),(207,863762,'3f761906-9cbd-406a-8b74-4c414b2e6418','1CJ7lke9yKr'),(628,411040,'404e6869-ec00-4524-8947-dd2148312d3a','qu8zOH6'),(973,284597,'41c82abc-26b7-416c-8385-8ca2b191a4b2','tFjWnZZ9rKC'),(537,432729,'42227ed6-3d7a-4041-85cc-7d6d3cc026d3','ji5QbhdMIdAJ'),(532,582422,'42948e98-93ab-4ae3-a69d-c1b21cc5123f','cErxD3EGjMBr'),(108,762925,'43053205-f18b-4908-899d-bd2febc41bb8','U5saPeQro'),(186,179752,'430f3e4c-c1b4-4c63-a943-9bd0f18a165e','qSx1B8VrFN'),(157,751512,'43147d85-19ac-4fe2-bf3c-bbedc0e541c4','aQx6F72pF6'),(703,747411,'432ec6d1-5e1f-48f2-995c-c515a143191b','kITVueiSVdiw'),(324,668207,'437b6933-2527-4f37-b52e-c84a8dd24317','j7z20mcOz0'),(526,592583,'43c6c872-1243-4523-b1b0-62a680b55734','r78rLd'),(479,728789,'443c360f-7976-4d4e-aa24-4d83e45a15a9','DzmQLCEsSQL'),(845,252874,'4493c5b4-35a4-4154-8d2c-bb4cca6c698b','W3YoWg'),(976,685407,'4499eec3-bb46-4ac9-80f8-22ebc725cd98','48aIH7NH'),(763,762444,'44c19a98-fee3-4be0-a3e3-3caabac7ecc5','2xPXQe4pjf'),(40,928206,'44ccdf77-0d76-4d33-9b28-ffd19cfe600c','1EztrwjT'),(919,433313,'44e759b7-2509-4468-837f-246c3c28ac09','DZeuTPA'),(895,978156,'4589af84-e9ed-486f-b2f7-da5d7f2a2e6b','F5TRn7BDo'),(866,103050,'45b566b8-01e8-4566-9934-7003bf569069','reDOz8PKzELu'),(176,983279,'45c324c9-5b6f-44ea-865c-f276d3e2f923','7xNtvbH3gK'),(723,437876,'45d36e4c-64ff-46bf-b63b-5c09ce1c761e','VUAOWb'),(767,324779,'45f32093-1928-486e-b76f-c22b21b8fc59','2LoHh3ITr'),(908,429962,'462c1d11-7758-4775-84ee-f5687237f10c','0E3OFbZ'),(427,745105,'462e4ea0-c2bf-4c2e-9d8e-7ae369cd0a6f','pR6gnHq'),(505,351945,'4686283c-a03f-44bc-818c-5c47c431ab3a','u78ZrYlT'),(178,893440,'46c26e43-0233-475f-a315-bafc02075d1f','RL72vi4N6Ajq'),(349,919267,'46f69308-cca6-4e93-998b-2a3348587ecd','gHMuFjzh6ne'),(762,805172,'4729f767-edaf-4154-9581-3e9c5a1256f4','L2wGa1IqMt'),(431,920435,'47c343c0-71b2-4dca-bc27-2be10cca1cd6','qlv0DIZrQEdT'),(350,90222,'47c4c822-7ef2-4cc8-a174-cb10ec534f3e','6F2eokTaa'),(458,860102,'47c9b72f-69f3-4740-8714-5b8d568a95e8','4EIcmT'),(483,163087,'47f8ffce-9b53-4167-bbb7-1ec8fc5a8ec0','TM3ZK8'),(53,55479,'4800e9bd-94e4-4543-a846-6aa00a5374b7','dKYpys64XG'),(169,265481,'48031cd7-a761-4cdd-9c01-e5878da8b904','UOvgrA0WTORz'),(643,832020,'483ebc59-546d-44a7-b862-b2926df12747','XC7KResKLr'),(629,557046,'4851eafe-a974-4d00-9b1b-229db6a9aec8','dc9s2fHH'),(725,448847,'48a77d89-2841-4364-85ef-ab3595660fa9','G48ylqIpES'),(691,896350,'49864888-87bf-4ac3-857f-6cafe9a5b532','nfI3lO39Qx'),(669,426297,'498a5151-d45e-4121-9232-3e5f3ffd2dff','4RpQkdmdv'),(387,609463,'49ac97b7-fea8-4d63-8c34-7be3fa0617c0','1zH6KiAFXx'),(885,435422,'4a089894-762e-424f-a12f-6b0fdd70380f','107e9M1Nx'),(829,27597,'4a381d6a-125b-4a28-a45c-dac316c446f9','sOFiJM'),(345,418124,'4ae04441-391a-4668-ac24-00eec41d64a7','SAlC2Qoe'),(31,27760,'4aeae436-9513-4345-839c-819ed3e6819e','NaF3Vj3ietUP'),(633,665123,'4af69120-379e-48fe-864a-5c7153e6fadd','o34KPCmhFQ'),(970,927394,'4b263bbf-9160-49ad-842b-a2e5b92e23cb','sj8edIBrXa0A'),(138,348456,'4b898987-95f2-4662-b114-8e6346508854','LQAbIsm'),(279,91734,'4b8eaed6-3965-4ec4-8de5-8b43d0f3aee5','2eiy7NMP4'),(18,753517,'4bab901b-a23c-41f5-bd39-68e60a503a2f','VNVsYKWOw'),(869,560624,'4bc49ad2-770a-412c-b166-cecf7a31de8e','9t7YLWsTj1Cw'),(434,159099,'4bc4a32a-7eda-4572-8911-798a67eee428','wK08iQMOK7'),(846,123516,'4bfcd17e-afb5-43c9-8d47-7d905f83d479','hKIL70ZikiN'),(36,982021,'4c0c8b92-6d04-413c-8bb4-4ac7ed536685','3c7ArUY'),(934,995306,'4c16ff0a-ef11-408d-be0d-3a23b3dd38ca','sm1Ze8UV'),(57,950900,'4cabf8db-46dc-427b-a186-12523ad90e05','ttfWFwx5XKOR'),(198,254920,'4d063209-bc6c-400b-9d3a-df96c31ef624','q2n7kYgez'),(229,838094,'4d20a558-8964-4f1b-b0b7-0d9e27481e92','I5xrABVILX'),(62,563756,'4d28eabf-a346-40e0-afb8-8431d01f752b','A7qQezTyfRjH'),(554,935754,'4d6fee41-6073-4ae4-a824-0913688610a2','EmKWsnjjY1'),(465,588426,'4d70b316-2c76-46a1-93a1-2e3747d03d96','SBFKTe3j'),(947,863368,'4d8ae9db-26c5-4dc0-8a6f-b2eb85d96bea','yft4YwKqFzTR'),(79,136493,'4d9c5f4f-8c02-4fc2-a8b1-462d5fe3e904','lEfPTK'),(150,675910,'4dde1ae7-c4dc-4ca3-b827-5b021cd639c4','YBY6E9'),(488,101827,'4e0fdf61-5332-42f8-8dd1-a82cc44d2300','k27lV5A8qRsS'),(577,75509,'4e278082-8131-40cf-83ea-379d3079d21c','ewe4uuIeqH6J'),(388,748229,'4e5ceb61-b3fe-4d76-8823-00bac3894769','m7LNrr5'),(461,265278,'4e80f858-3339-467b-8b86-31d104fbc0f5','r0veF1o'),(38,430679,'4ef1b87b-4bee-4075-87e2-07d8f70539d5','k9Y760cO0'),(454,89176,'4ef716ad-2463-463d-9aeb-a5859b46a3e2','MxluFtBGAsM7'),(793,765862,'4f13c5cb-46ce-4411-97b1-31fee02a3e81','eAyNRAnqpmV'),(122,780846,'4f2492af-aa97-4600-9f1d-b7f4680d15fe','QGzyzw'),(372,171166,'4f716157-8810-4fb2-be10-ff37241c1c91','j13COOmwaTa'),(753,797451,'4fb62009-0564-4b0a-8a00-14534a180cd8','RFsKBz'),(368,220220,'500533f1-0cd1-472c-bd1e-d8661399321d','LzeCVn'),(784,54682,'50182cb3-1533-4be2-98b1-5881c556563c','XWe0jl'),(782,732452,'502616f7-0c28-4bd3-89a7-ee5a6278605b','JzH9pURluR'),(159,31228,'50895cbb-818c-4f07-bfb6-f97989bc820c','x5l0FKC'),(649,714475,'50ea70ad-9484-4733-bbaa-3d4f09bb809c','vugjZJda1OW'),(373,865105,'50f6ee6a-e6a3-4b2e-922b-f5d4cf2e77ee','EhlRjwEZF2eS'),(585,119798,'516ea2a3-6d86-41e9-9759-96085bfd4a0e','yGesXMjFariB'),(903,886946,'51ab9bea-8943-45ef-8ad3-cc630d7af41e','WDXugRGjn94j'),(436,248081,'51ecb8bf-1687-46e5-9d1d-d77f14fcafa1','y99OoitdB'),(904,855001,'51eefa2e-ee87-45af-82cb-6bf72234ef79','5GMqVhLfc'),(614,854025,'51fadec7-6083-4f76-9f86-5f6813238cdc','PYZykhOoa'),(106,119974,'5204b96d-da6e-4656-8596-e6b655212a56','5Onqiftkb'),(280,407298,'5228e79b-a0bd-4080-95ee-631b52d48336','4T3DwRDV'),(761,158773,'52376ee0-7d0b-447c-aaa1-3eb447ebc581','85afah'),(231,674659,'5243b129-88d7-4241-b56f-9c3aaa55fd67','INFfTMpa'),(111,71477,'52874985-67cb-4531-8635-533ad34f2b23','0XHH4r2Swle'),(459,361035,'533489bd-4db0-405b-a3ea-e98dabdbb8ed','pOLLeIBuZ'),(400,420079,'53b28ab9-529d-4ce4-af5c-3753f4805a2b','roqJMEL5GV'),(552,280796,'53bbacd8-4a52-4be8-8337-a716a29665fb','TT5Ra0'),(509,45994,'540d365e-b139-4448-86bf-ad96a0f25712','SXL7ehtVwnH3'),(323,710995,'54612634-54e1-4c06-8071-a3fe37b7d382','3zLVKdg'),(961,182097,'5514f902-b507-4459-bc4b-9b98e9517f8f','9NC3zzMje'),(558,299366,'552dd073-0d25-42ea-bfd6-825f665bf060','W9Ldpc5'),(855,149968,'55569efc-0cf9-427d-b519-c387ffed9318','aVlHDNpMFDc'),(235,187531,'55b2bcda-3cce-4d21-b35f-c1eb86b49689','BhlMgeJi'),(892,741082,'55db5963-da63-4b69-8c43-bf391c91c70c','4XXjgfLbj3'),(920,636303,'56890786-0421-451a-9048-0c1b3c63a8dc','a1y9SynP9c'),(863,288401,'56b23634-ede4-4ebc-845d-6a2e7a02708a','TfNOyR47q0h7'),(109,935736,'572adcd0-3faa-4cd5-a851-1098e801169a','VGCLZ4YHL'),(486,674154,'5788bb42-056d-4d76-ac11-91351153b2e7','4YR0Wd'),(225,387535,'57b2a478-707a-49b5-ab4c-156cda24c2ab','c2Mw9A'),(597,45507,'58606ad7-eb00-4583-8a4a-9d562b7ee8f6','slyqdfT'),(398,600840,'58d5e8e5-b3b2-40a3-b6dc-2d463c4fd986','m63J63C'),(701,22187,'591878d0-e04e-4587-ab64-80402a650484','pXLW9chbD'),(273,242486,'5984f45d-a034-490e-826b-2a048b7a87de','1qAjtAD9blH'),(641,809838,'599ad8ee-d8a5-4077-8579-5e6f8b14417a','LBmm7JmfW'),(395,839407,'59aa8cab-625a-4c79-91b5-d082be4eee79','3FwtcJPW'),(366,864170,'59b7e2a4-d809-4f7a-a117-a2d5b85499cb','ngqLne2'),(5,274573,'5a4f74f4-865f-47dd-acb2-d99e675eeae2','Y7cPqq4k3Dyv'),(873,766487,'5a867292-810d-4d39-bb7e-cdedfd7cdf85','5F4vP0cgOt'),(11,655925,'5b585df4-f70f-487b-8df2-228bdd36a6d6','HQplUnFva'),(14,562049,'5bb2b5c9-c84d-4f8f-81fd-602bcbeb009c','ut5tAh9tw'),(844,720013,'5bd27300-bd55-428a-8bef-40bdda833bd4','YQ9HLqu163pk'),(407,560120,'5beed311-ed67-4bfa-a05b-2399d688eec0','OUNzjnfDif99'),(39,960874,'5c649c24-e706-46ee-82b2-43a86bda1371','xWrGEmDw'),(946,159652,'5c6ab463-1617-4575-ade6-61ab583e8ded','8OTP94T'),(422,432702,'5c9b2df4-5020-452d-9747-b81922222256','vBM5vjBR6MA'),(805,481319,'5d19770f-9d68-4567-afc7-e3f8fd76e57c','CNS3FJ'),(625,575392,'5d1bd596-e1a1-4bbf-9ac8-f580ec4d2564','eyRkTFU'),(78,78559,'5d1ec10a-a63d-4fa4-b640-1400b8020c8f','7v2x6APqUzl'),(187,192786,'5d4d18e3-0428-4322-8021-1c51244deeb2','mJqSZL'),(254,885215,'5d6416b8-e1b8-4de3-845b-c06763532fab','3HKztW'),(781,188634,'5ddd6f4d-15b7-4e91-8566-1587d55c494e','g1nNsijHYQ'),(900,896599,'5def71aa-abf9-4f80-8033-e5e8f7bfa402','ojeqvtl9eR'),(430,544566,'5df3c7eb-bbc2-417b-ae75-e1c990e5caf8','wGecQ8D'),(320,365937,'5e554d9e-c9c6-4acc-b8d3-5cdbba79c71c','tvxOSY'),(484,154308,'5e6f7f1a-3ad9-4d68-81ce-c82dc0e14b41','Vz0iJGh'),(354,747516,'5eace057-0868-45bf-ad80-aeabd7bb2ff6','im5Gbx'),(457,81206,'5eb89fec-bdbe-42bc-b0e9-ec72c50c3e5a','lwxBqALs'),(262,318681,'5eca2e39-8c2d-4f85-b196-9013a1c750f5','yq40gRO'),(362,170463,'5edd6c00-63ed-45da-ab46-a005543caf36','9ry9CyD3S'),(191,313504,'5f26ef9b-b687-42b4-8e06-e4186ee3a602','yiiepyMALRZ'),(377,703136,'5f7418e1-7f7f-44af-b708-fa07a73422b9','fEEY0eIqHsz'),(630,551022,'5ff64dfe-1675-41b8-a304-e73ab3edf59b','alTGbhjme'),(168,232715,'601f7501-dd48-4262-9e03-e7948afc5b88','08HpVa'),(962,267075,'6042aec2-2f02-414f-9130-ec45c29d5828','95NjJgNmJ'),(995,170251,'606b8a00-07f9-41a7-addc-d9bae215e54f','w6ni5Ub220pN'),(941,787271,'609725d3-4474-409f-bca4-72c34cd31260','42l57KwZ'),(343,433954,'611e59e6-f35f-4209-bee8-3fae63d79ba9','vMFbx6IQ'),(52,981944,'612dd359-3891-4c3d-8974-bb0641126190','YHRvNxDM'),(838,794875,'61301f1b-f997-4c01-82b2-019dad5ec438','7mu7SLAgJMZ'),(707,793819,'614913e5-c0a8-444c-bc11-2fce1e1e85f6','Cwvq3X'),(685,938078,'618f7503-15b0-45f5-953a-d8ef1127a321','zF2P41'),(480,816674,'621dfe90-0ecd-4560-8178-cf454d39b8ee','acIE3PMkiO'),(958,2645,'623beb05-2cc1-496d-91a1-2de4148373a3','BVXtOBF'),(902,985578,'62b9f686-afeb-41fc-9553-7cc2aa081a9f','RkXHSiGc1'),(820,559541,'62f2ffe1-e6ba-4e47-afb6-f3d37a97276a','Cayy4ionCFHL'),(267,88258,'63281ed7-99bb-4d15-8a8b-fa526f91decf','9K6HO8'),(406,959403,'632e3bcf-6506-4934-92a0-5091e9854384','OrWFw413wW'),(857,268104,'63bbb723-f452-4ea1-b4f3-19e833180ea6','RbK1aU4psk'),(492,32419,'63fd0fc1-0b7a-481d-90c6-d15443411f5a','CkMT2L1'),(664,611802,'64c22891-b6a6-41dc-b54f-55663282671f','PJX8aQWL'),(959,978590,'64eac5b1-1bdf-47bc-a923-c40ee7ca1f50','rO98bx0wZj'),(446,144385,'650e188a-baf1-479e-9101-936388ceec01','yxhivfiGGX'),(631,192488,'658c855a-cb60-4e60-addf-750105992240','DVlr5YrPJ'),(898,597047,'65c787b5-1b41-486b-8969-b074ee20f645','1zgLwJ2ZuDXW'),(263,560900,'660f181a-40d3-45ed-a834-41030dbbca36','6XgCstu46H'),(477,48245,'666719d7-bf1c-41cf-9876-e97042d360d6','74Yyw7'),(210,112503,'669c4224-5740-4d0a-9c1c-69aba7444c7f','jBYmuTxE41q'),(92,754679,'67417f12-29b9-430c-b6c8-f661634c458e','TffPc1hWs'),(605,797246,'681cd8a6-48ef-48c0-9646-98b5caac1db2','mFpybo83W'),(690,271205,'681e5d2d-beb8-4ffe-9ced-2fdc3ac0150b','OT01Im3ZOS'),(504,661697,'68edfd66-2fcf-4c62-8209-e23058c01d1d','o6Rk1pqoFn'),(640,550918,'68fb56b8-4a6d-445c-942d-04508eb1e315','CpgUpsHyrAN'),(954,53283,'692993e0-940e-414a-be91-b12861d99612','TDW02R'),(796,575508,'6968d47c-618b-496b-aacc-f81a9dec37ce','TY0NkA'),(562,231524,'6a0735d1-31ae-4e46-af8b-2d140260ac08','ykjEX1'),(713,525358,'6abc211d-901f-4a36-9686-9acba8020dce','8FeZAUuJfw'),(870,644855,'6acfb10d-17a2-424c-8029-949511fe160e','C9tuei2vQ'),(819,637150,'6b1b2d56-cd51-4d30-8264-47dce0f3bb0b','fPWRKFpH'),(777,71926,'6b65d840-25e9-42fb-90a6-f39308abcf15','IwYGhZ'),(516,443689,'6c4a73eb-f7cc-4efb-addd-5c0d3c3b5e44','2TOjVPESUF'),(749,708844,'6c82c101-6398-49ac-9e49-be3a187eceb7','tAPl44VE4'),(365,75797,'6cdab7c3-136b-4bf1-97e8-b5d1ad028bc3','oQRRwFL65mqe'),(471,134129,'6ce8d5eb-2cf6-40ad-a3d8-f6da3ff5e0a9','xAzNhKAZ'),(825,714026,'6d085261-9a34-4a64-865b-7f04c71257e5','95FCGVB'),(433,970955,'6d1e4654-2571-401d-9696-f98774a0db8c','Jv2he6ZCDZd'),(393,49555,'6d317068-8a72-43b9-98b8-c05a6e31620b','mo866ffZNkRR'),(363,891450,'6d5f4445-fa85-456b-af08-fcfde31d8c87','PP0Ib6HpPMe'),(632,519475,'6d7e4bc4-21e8-4257-a5ba-49a33480ef01','1IaHC3RZp7X'),(148,936098,'6d922bac-6715-4ce6-9e37-2144124f44b6','ZmZQTdYTaCtE'),(303,733352,'6dfc175e-6336-48e2-90ab-7ec69d22840b','rqEXYhn'),(297,123709,'6e02118d-b594-4e99-86f4-8083496727b1','ZwJpcjlG7'),(551,100465,'6e1cae95-992d-484c-a74d-14e388529cfb','irMEG0c1p'),(598,711946,'6e29616d-2766-4896-bef6-ca0e4b81ac5e','JpKoHx7'),(795,157637,'6e29756c-f198-4a53-8c3b-ea0bf4c40ca4','tXL8GfQy'),(816,423384,'6e5082f6-4aa8-4860-bf62-d4e0de73512f','O3ebfj'),(230,359779,'6eac64d2-963f-4744-8202-9b4f357d0578','2NdoO70XIE'),(513,238169,'6ef1b78e-6cb5-4f0b-9b08-80d7c1a70c32','NhtStkRcItYY'),(512,800223,'6f2294e2-fd8d-4d8b-afce-fecfc5490cb3','hXe3lqO'),(831,928541,'6f5708e6-f696-447b-8955-ce69982fe4eb','hEWe82ckF'),(447,772283,'6f61e081-eb1f-469d-a4e4-eb0e948ef0c8','UrGkmh8'),(317,867998,'6f975788-1674-4355-a07d-8ca22be69413','cVb35rVjG'),(584,748155,'6fe30d20-f4b9-4e4a-af3d-fb6b806a0a1e','IkaQ4M4'),(548,119326,'700d275a-c729-46d0-99b4-34d10068af40','8p5OFDuw'),(174,829075,'701ff26a-a24b-43c7-9bc9-b55661d82ace','CKWXxZrineR6'),(101,18604,'708db9c3-bf91-47f1-9c2f-d14a5346d4b6','h21C9c'),(290,658351,'70bf72f3-411f-4b7d-9a64-73d3e4552240','Ec3kgOEn'),(143,37910,'70e19eb5-9d49-437e-b012-16cd7e7ae91a','oSwyRRgN'),(615,605519,'71941ecf-7bc0-46ea-b957-0109f118e530','1C3BD5PLDrD'),(841,885008,'7239e7bc-7469-48c3-8d0e-fb21b321bf84','zDfF5HF'),(206,705005,'724700c7-abc1-4e0c-90c4-4988053e8cf3','tuwhAuhtkM2n'),(300,479196,'72610015-5ca3-454f-9155-4f89713b865a','pl0TsfVjLh'),(926,250999,'72a7c0bb-6a91-4ad4-a892-e4069cf856b0','359h4nQ'),(331,461680,'72bb31b6-0296-4264-bf4e-4d5d33f5b9b3','3c54IHq'),(755,512608,'739ba486-f522-4838-8b27-15b53f971a7e','LGK75AxaqqA'),(462,20427,'73a4d6c9-03f3-4357-8409-1e269b895f75','E2tkCTgO'),(357,667117,'73b60c53-a85f-479f-9fe8-e15d3a2c9a09','VVYJUl'),(800,482980,'73e2275b-584e-42af-85d8-1dde375ae6c2','cJnoC6fbO1iE'),(832,452754,'74194fc2-7bb7-4d91-878f-bf76c8ccb8a7','FCwaIHpCDb'),(897,174511,'7458699d-e889-456b-8a36-eb4bb4c02cf0','3SnTIV2UZ4Wk'),(556,523324,'74ab7a2c-0e4e-43a5-a398-71b2db982fee','tncvK4oNlWrX'),(424,490859,'74f643da-13b1-4299-906d-e73c1f143500','sqBVMp'),(650,281033,'75165f8d-3068-4f54-9fa5-ce7dd5e3e3b9','AdNH5ulj4QWr'),(568,57880,'759e2986-e097-4da8-bcb1-bd44e973fdff','tMFaobgW'),(261,571899,'76051813-9d48-4646-a47e-e596c1f375de','D048Xj0'),(732,595757,'7652f9af-b4e9-4e4d-a0fc-18941ff9a625','MKy8SKcoP'),(270,902650,'768123e7-eb76-40f8-a83d-48fd6294b8d0','ATpN2whQMcMs'),(932,774317,'76a563f8-e0fe-4b67-83ed-8daba51a9aff','MYbkzn8FNF4'),(655,52301,'775292ca-10ea-4eb4-a916-0c2f23d7c8b5','WKit1Jfd'),(54,358202,'7794697e-03e1-44ac-b52e-fa0ca9f5bbd0','OcLdbIe'),(96,912626,'77e37878-8801-44ac-91d7-2c6f02302939','MOFZIa'),(788,342634,'77ee8326-9fa4-4646-834d-4ae5963785b2','V1GACXuS7E'),(94,418091,'77f0c68e-3d65-4187-9320-f9906fb9c156','ni2TlD71PeZ'),(848,256468,'77ff256b-022d-4617-b18b-6452b7f30239','f5y1U5NFl'),(205,334108,'78423948-a2eb-442d-979d-d2ccfb7cb817','TrtVHp'),(29,748023,'78b4499a-a0e8-4d6b-a439-30b510c33c5f','mM0XZ8p'),(429,759286,'78e4d689-041d-44e9-b3fa-659873601755','kQP2LBNmKTi'),(344,226572,'793d56f4-1ff4-4afa-96c0-6804e46368cb','pQwtit'),(780,501326,'796a1459-52da-4315-a230-06a711acdd72','tWFVG2Rjyv6'),(534,136952,'79b1d776-852d-4242-b2bd-3512d12b8e9a','L7yTyDbvR'),(6,554411,'7a06cdce-d330-4525-a586-d8c64b359b69','TbckvvUy'),(74,230219,'7a5284b6-609f-4af4-ade5-78bb78ed98e7','EraDtsk7Pz'),(859,31344,'7a70f729-0d2a-4e70-8faa-1c49b2403c7a','ZDZ7Qap8rH'),(810,871899,'7a7541c8-4ce9-4922-8eca-5bdd7ec6a798','VJMOwzre'),(306,859499,'7a7d3e73-7ddc-4bc4-b3f3-dd98918cfae0','EgifWfwdaQth'),(527,522462,'7a88c150-a1c3-4bcf-aded-e2e6015238a5','u6UY5a8mMcL'),(244,470735,'7b51019f-88bd-45df-9627-c3018008fbf3','iusQ7V'),(802,381916,'7b643325-414e-4da9-8926-1b8c35db5ada','P8PJxH'),(192,996330,'7bb368ff-6638-418c-947b-bf28b34f2b91','DUxdvd'),(10,242954,'7c1c8489-f0c3-4c19-88a7-e7ef6678fe80','hXdepOqA9'),(385,137955,'7cba32c9-f778-4df7-b19c-5e6f40a2d930','VDwvus9'),(656,486738,'7e221713-2b89-424b-9a83-7240468b6405','5DqdWHaUTSy'),(545,3161,'7e344884-3eb2-45c7-bb1b-53c2cf96948e','PE15rAad'),(887,421228,'7e3d0099-223d-4806-afe9-6a0922972530','VhmOWzAIYE4'),(392,185496,'7e7202bf-d792-4fb1-846d-bbb4e6a2d697','rgPgoxUrU'),(583,349386,'7e9d6229-7d2b-4ec8-87b0-c870804424f5','je3F6fBHYmyv'),(833,657702,'7ec15e37-ee5e-489d-b91f-1ce4de0d19e1','l9OIsibf9'),(69,825397,'7eeddfc4-67a8-44e2-96fe-fd284b056b85','kdkDoPs'),(59,232200,'7f2a0957-32bf-4f07-beb4-8893b4f4eb54','UOxcQkh'),(7,435618,'7fbb2545-df9f-481e-94b9-6e1902c58c8d','ke2y3Em5'),(208,8243,'80119b4d-1f55-4226-8330-b181de8ce95c','pKmxrdxI3orv'),(416,211903,'80760356-1283-45ee-a943-f6403c521025','OMOwoTRnZR'),(624,11398,'80b9334b-99b0-443d-9ee0-1f9458cdc930','JBDq4jTI5N'),(806,477087,'80cd3fb6-6b63-413c-a1e8-5239d9980a48','rw1TIx41'),(514,851808,'80f72432-1de2-48de-a697-9526e34ec1c5','70crkls1vIi'),(529,556770,'80fc3622-2b09-4141-8d0b-a15ffbdd3538','zfKj9yze'),(867,315001,'8138ae79-21e8-4334-a0ca-42f1bea26c8f','FDihFtt'),(654,363664,'814b0bfb-6f61-47a8-b421-6197b85cf670','Q9qPPOr6iqA'),(212,232853,'81532cd0-467f-4869-a95b-6ff59bc79f73','UmMzcK63'),(216,108402,'819cb714-15a3-45c1-989b-64632799bf82','TGYi0zQE1'),(246,399539,'81ae575e-e6db-483f-a1fa-ff465fd33061','l6GQ1Twf'),(232,237854,'81ec1517-6f1d-478c-90f1-12079fcf8dd0','TC1RbDuP'),(983,831600,'81f0db09-6c3b-4f38-adc9-4ce9217dc254','CXBYi0Ve'),(982,337973,'8230a9dc-2423-433d-a2b6-4aa6671ab91a','ZJLiVBMNY0C'),(250,572418,'8241cbdf-9053-4b3b-9340-ed2bc4f0be33','98EeQLzjctuC'),(787,43427,'828b4e31-8c6b-49ac-add4-4c9e7ce2bd4c','GwAkVn'),(737,408712,'82964362-a0c1-4983-8b82-d132fd552fe8','ow92QkxC'),(251,440137,'82c841a7-1af9-455d-8ee8-2f785b806475','YFcJEozhM1p'),(8,863351,'83241de0-217d-4642-a432-df51884eb23c','VSWLcr41G7'),(265,406742,'8327e785-1ca9-4a5d-adaa-2f87920cc018','NR1kTkat'),(978,611559,'839ae251-a25d-4871-a051-6db3eef715d9','m8mwCkbKVZM'),(412,329826,'83b7f13e-4305-4060-9c23-386c7eeccdaa','WFDSv2'),(616,357160,'8400b8ff-df42-4775-afdd-455157fdcaa2','Zuh54Rm4Lcbk'),(668,438216,'842e629d-f6c1-4b57-a638-d94123678ef3','Lq2t6btaEFI'),(689,473754,'84312847-8c10-4bdc-a8c6-4991a2a48643','RzCLuE'),(245,59948,'847b804c-7664-4020-bad8-97a420fe57f4','lirtUk7lG87'),(528,28775,'84a1458f-c55b-4996-91a0-4fe63ec37de3','REGIgqq'),(571,947671,'84dc2915-5f0e-42ed-a295-79beeb9ea540','mSQpeqXW'),(162,928128,'851132ee-30cc-4376-bb13-0a179442c48f','gHP6sxx9pU'),(588,49012,'859a2954-a761-4bc1-92c9-e5e79a43f762','8OpASVC'),(520,349497,'85a064fc-c1e8-4cf0-9b5e-9e17bb325164','pexQw0jJW'),(435,51959,'8606880c-92e1-4824-9071-d8772ba7bc14','iPU0wVyE2S'),(310,113757,'8669af80-4fed-4844-aeaf-cafdd18a623d','UVr4CtEc4Au'),(134,522545,'8675604a-a81f-42d6-b40f-5e00266687fd','sRoq2JGuq'),(570,490111,'86a30185-f9e7-46ea-a617-53b84aec3cc5','qwg69xfLsW3q'),(999,945375,'86ba10a9-544a-4f3d-875f-17fbb485d175','AcVvOZjG'),(880,48227,'87299df9-2e81-4a89-804c-177b8610c944','AahhJHcatNs'),(193,716332,'8798ca2c-7264-4a74-abce-3ecdfb6b61a8','MZyTQ6l'),(642,429406,'8851fe99-7a5f-490f-9b45-512dce4ad525','z4SgUUwevb'),(386,837006,'88970e95-b2e0-4329-8c19-d843d52ca7a7','pWMHOB0'),(289,580273,'88b7539e-4077-4332-9585-48909a30712b','M3AbJgiGw'),(67,960197,'88bfd902-bbc4-4285-a011-015ae847a060','cIiy2OwBR'),(445,497444,'8940d780-daf4-4b4b-8b85-80257e8e5ca4','6Yt82GH0OOAV'),(860,852084,'8947a6e8-43a6-4d43-8f7f-05d6b32b332b','93A46uXcayg'),(644,555605,'897a25e0-c4b3-453c-b2f0-beb1c07179f0','DfCAKPoOPf'),(611,181707,'89b30a95-0891-48f4-826c-c31ca115ff3b','uBsZKjGW'),(301,994764,'89edc7e7-bb5d-4223-99d0-8dd3d28ac3c2','UyGOSG'),(171,715206,'8ade8bbb-fa0a-4f16-859a-741f8f3e6570','6REO3jWW75'),(451,147289,'8ae1715d-9e0d-442b-8c46-75e340d2cbf0','w9y7N9'),(533,871376,'8b77a9c5-c1d2-453a-9c41-317d2254d0fb','sPMw26qQ'),(822,372189,'8b878820-1b7f-47e5-ae10-f898456ddd7c','jIg4dIIk'),(161,197974,'8c7978d1-e77a-4099-ac7d-7aebe80ee4a1','SPsTVnG9G'),(141,794693,'8cbe9939-1685-4d0c-b408-b8593f282222','k7LkK287DLrL'),(726,143152,'8d19e6e3-5719-43d6-ba01-f2f1a38df655','iSenKT'),(21,318450,'8d51280d-6e68-47b2-b631-ba40395c2ecc','kS7O77PK9mQ'),(521,696459,'8d714b2e-239a-4d50-bb4a-316573cb825a','1Rk5mKOP'),(578,401630,'8dc4ca20-7fc9-4c96-a0a7-79974857bef7','tj7qSPMq'),(828,333120,'8e0f75a6-a458-4967-9a3e-076401ae94e5','dYdxZkvNW'),(293,431524,'8e1e5c49-34f7-4f30-968b-e5b711b459bb','ThMT2ziYyjT'),(63,908118,'8e621eaf-6db8-4f9c-92cf-a1f964db7bc0','943Gzd'),(604,690895,'8e8aa372-2a6a-49a4-8845-d2f5c9208780','9QPfgr2yyI'),(209,123898,'8f144e56-fd03-4458-8699-bfa7869ac6de','ilTWU7TQUPTC'),(722,41349,'8f3257f0-5a71-4633-90a4-18e3f04f38d2','tR3crgO9qAe6'),(971,722493,'8f94f487-2473-4a3d-a66b-a0e800c65060','11llQyJk8OS4'),(364,61364,'8fe37c3e-75e6-42c1-99c0-4e0530054fde','jxbq2jxh'),(170,956559,'8ff681d8-04fe-4625-b1b8-2058b02a2505','HgA9mW6KCH7q'),(99,702177,'8ffa3017-5945-4314-aefc-a5132c8f781c','J2snAszwTyH'),(348,493345,'90155084-bbf9-40ea-97ce-660f5bfd350b','NvgtmyHn'),(463,983760,'9057b54d-da39-4125-bab5-eae940c6a449','oMhKBfv'),(884,80133,'90a26a14-f63a-4600-bc44-a9d55657bbad','Ij6sudOl'),(221,52576,'90d00c94-9ff8-4caf-a409-81a50c66075d','DNBJkBGfn'),(239,854521,'911f9755-3a10-4b3b-a81b-7a563b6e4cb8','JsAMIx0'),(173,14638,'912bceae-dbd0-45f9-825b-27d35ce9501f','Lpq9QOhH'),(603,469650,'91db91a4-ba75-4ecc-b508-ba1ae099e5f7','Gox20ahZq'),(219,3402,'9205ee65-b762-4864-a41d-ff03ff5324f0','VzkBP8'),(986,150820,'92ec4850-9171-4aef-86a7-3f3534eb1212','6ycQu24BbsS'),(154,853940,'93191e95-d61b-4280-9d8f-f44d6d49c6f5','eMMBHcL80E'),(827,710294,'931b4c02-5147-44f9-9bb3-dd5dc11f1bbd','gR2Twi6nV5'),(596,549400,'931bd8d5-a0b0-4833-b07e-2fbf876dca60','iizROryMz4k'),(466,203790,'935e0d60-e0f5-4b3f-9c67-d31d734f53f9','1lpBZiO0dg'),(456,985639,'93a015e9-1c1d-4249-b5ac-a3e5935a905e','oZoAKM1TgHM6'),(917,452384,'93af85df-ffc3-4a19-a772-84374f54b6a4','dMsvJoNRBmp'),(676,577570,'9434366b-f49e-439b-923c-d97540a595b0','KCc94hCKw4K'),(943,241627,'945e5491-99cd-42e3-bdb6-a32b1df60bca','O6u4M9'),(728,176897,'947d51ee-35cf-479b-84b6-2e820132a8d7','EvFfhJxa8'),(966,470228,'9485266b-d2ad-497a-a251-2baa768f05bf','kbikB6Y'),(181,984126,'9485d364-6fce-4a20-b717-b604275430fd','DQ3UBa'),(901,627592,'9486b44b-ae82-4d78-a1ab-7202ca6da818','I4xBjLLwz7K'),(677,521618,'94d5cf75-db51-44f1-9d6a-73465e9b90d0','VfyC4fDGFrp'),(719,850596,'94dcca8a-fbc6-483b-9761-0da327b6f589','UsjBnx'),(697,703087,'94fb055d-c684-42c9-81fb-d5d79969ad81','BmjHm5vH'),(682,883571,'95745bd5-d822-45d2-9e5c-0d177bb95b52','O4Yl8MTI9'),(329,638270,'95c14500-b8fa-4e20-bf23-9ac88b3d6b4b','DUzmSoG9mO'),(704,790,'967a2ab6-d73c-460e-87c6-c425946bd9c6','auGb3aqix'),(752,846971,'968cf0ee-a539-4f85-99e4-8c96004e174b','xN3KsFmX'),(194,449284,'96c04a9d-eb83-4784-a1a7-e9365924198a','IpM8r4'),(950,30696,'976b5487-bc1c-452e-8265-076202c3b0cc','lcjq0Ap'),(353,526726,'9779361b-fef3-4d84-b486-c85bc9fccf54','gySo2bMuoJ'),(717,232751,'9799094b-503a-4882-a63b-6518626b5ce1','6ZcFRZ'),(188,59536,'97ef3d19-8f86-4027-9b6b-249087ea8fac','xnq5GFsZB'),(340,691536,'991f764b-c9cc-4be5-94a7-ea2ddfc19207','Zrd6GJCWdrD'),(601,934022,'993d8a53-0712-41a4-8f9d-6f45ee5919e3','YE9NsgRZB'),(874,12671,'996e1ff1-5f35-4756-a2c7-04f5251ecca4','YJrTbV0'),(64,513217,'9997c203-4699-43c9-91e7-cd2a4c058f54','H4E0DGD'),(200,724447,'9a34104e-721f-42f6-8565-1d0325259c5a','C9031HT'),(673,935412,'9a68a311-439d-44e1-8c28-bab6b4442271','XukOUeiQitZ'),(768,58798,'9a8bd88c-dcc0-4e62-8825-bae8ac4329ed','LR7wOhERll'),(993,599187,'9abd4d16-190b-4383-ada8-e57ed9f5ff40','sez4R48kIkSG'),(482,189144,'9b35ff25-2443-4589-a52c-6f8e1d38bdc1','H2qDjOD'),(305,466137,'9b9b660b-edf6-4af3-b900-d592746d6cf4','D7vCLx5MT9'),(428,115014,'9c23d3b9-aa52-4a19-b53a-7a3d4559c893','AIPSj37'),(15,714994,'9c6117de-100c-42a4-9376-85f7cf393c2c','pweZliB5'),(425,934427,'9c926bbb-326b-4f3b-b7d2-6df7c9fcc4ec','cudhBVOJTs'),(12,323091,'9cbacb16-533c-49fe-a578-7092cbe899fe','2U5g9Giq'),(114,800478,'9d653758-930d-4d6c-ae3e-5550b855a562','guOgXaeTF'),(287,532477,'9d6c7e7b-3323-4df2-852e-b313be055174','3kLKZtxk'),(540,935087,'9da1eac5-e408-4773-b7e4-7d7adc48c740','6NWeR1zzz'),(316,569817,'9dcd1a9f-c5b4-4558-bff3-91e133d5ee44','l409mXE'),(257,127053,'9dce43db-366e-4936-b590-e8a1fc5f8e07','otcbuE4G247'),(260,477890,'9dd04c68-ad44-4759-838a-e298134db6f2','UUMvoePl0s52'),(843,353812,'9e6d4b49-deab-4a30-b662-9e010ce674fb','vlclPm'),(823,899239,'9ea74ce0-29fe-4565-8e5d-0a7996371218','sxhuSNHdELM'),(142,223881,'9ec771a5-c570-430b-970f-38c5b975a652','nwLbQe1T'),(779,291682,'9f3874d0-ef70-46b3-bb7f-f3076fd8448f','CYRrFjigQ'),(688,506750,'9f6c0470-2ab8-4b79-9a31-f93107b474fb','jW1HVxFx'),(850,321951,'9fb0ba2e-40f9-4409-9dd2-086e176688ef','1uZYFiMuOG'),(811,214484,'9fc31861-b32f-43ca-b8f5-41ed82745fed','LHYnK4TUc'),(694,794802,'9ffb7fe9-dbab-4050-be41-4852d1d438ea','GZr1CN'),(575,683892,'a03fd0aa-a1ee-4bad-8467-549f6ed207ab','ZaoxirH87SxB'),(826,785134,'a041b8be-2dd1-40c8-808e-a270ce89fc5a','JgAEMBW05'),(730,975656,'a0491a0c-f1a1-4ed7-b003-6d5c438a5152','VugNafVr3c'),(158,907773,'a049a94c-6103-4a00-a77f-c5e75cb8f252','nzb5cp3ZD'),(28,682487,'a08a1fbe-e093-40d5-8995-ddda4137c8a4','Ksb21qa'),(358,249835,'a0a785fc-294e-4d58-ab41-e37e7b01d38b','X1QcU5FBQ'),(325,599219,'a0b3871e-55c6-43c0-88c4-6efc2db7d575','XxDl1Z'),(567,46017,'a1078ee3-1bb5-45dd-8d09-7c8e54fdfa37','hKzVaaA'),(95,214688,'a10a47b8-b35f-4d65-bae8-553f00d94f4c','PGDFGxxK'),(236,770993,'a1205f2e-80ca-444c-b63b-57debf5f4661','bfdqfUYy'),(145,983452,'a140d982-11dd-4e3d-9dfe-ebfb59d429b3','oVCaaoyC'),(744,811923,'a19e938c-7c88-42c6-9837-3698f604dfbe','n8Qk9C'),(218,990209,'a1e588ad-9fac-49a6-88c7-ef2077a56b14','Ey1vqDSaIs'),(432,879607,'a261e8fc-4fe4-4ec0-a907-72c725a6f556','AaAogZu8'),(613,878073,'a273f034-adf4-42ed-821b-da8b4d9e5caa','H0a4XwX8rl'),(757,91253,'a2a5e8da-097a-4ee1-849d-702f4112d8ab','NZf1Ywt7'),(864,246805,'a326efe5-adb9-4c63-93b9-1efefdf147d1','SxoK7C1at'),(881,496886,'a345b467-6374-4494-b9a4-bc56ddbf7015','cixrqhY'),(942,277399,'a3b41016-985a-4687-aeb7-6506a605910f','Yuj70TsDv'),(775,668607,'a3edb3f0-539a-4f16-ba7f-147c4990b9ee','cW8H1T2cc'),(226,89638,'a3ef19fc-f90c-49a4-8cb8-eafbf4a48e45','1wcaktVcr66'),(70,233241,'a3f793d6-24ff-497d-a323-f5365df94398','36K6G1oy5U5'),(589,48613,'a40e21e3-9a5b-43d0-affb-2dba3f87d3ae','5ETf9u'),(865,431253,'a43d3fa5-5c35-4ede-9a8f-1fdbec4cd0c8','GNZ12DcLml23'),(413,829563,'a4505a50-5922-441a-9d6a-420efb35b226','OAanAB'),(124,771807,'a4bf3a8e-87e1-48ce-b3d3-b9aab5e7157c','msIefUZF'),(339,294738,'a516b3ac-2d39-4db2-927c-2e2c6e27872f','YiR4L7fava'),(247,996476,'a51dbaea-fb91-4803-b202-937ab3038efb','3zNkLwQWwdF'),(508,763641,'a5212558-b7a8-4bc2-b87b-947ae357314b','8SxGE4SV'),(944,335258,'a6c8a20d-e834-4247-9da9-626d9499629d','N4vxwrgW6jwI'),(258,952898,'a7a9aa2f-6776-45e0-9770-69f2630fff4a','2khOJlgWMA'),(309,210435,'a7cce17c-9611-4cc2-8662-a8a682bb9838','DW9n9d'),(474,501756,'a7d6cec9-c163-403d-a11b-f4ba7b07fd14','Q1aozZNDDYAV'),(172,928546,'a7e4df0a-e10f-410f-9e0f-cea7a59d7304','rX9Xiw'),(242,702025,'a7ee0927-f449-4559-b3aa-127003c04650','0tMf0M1VEO4T'),(808,138040,'a83377f2-13fd-412b-952e-4e82ba54a706','A2JApszk'),(923,312150,'a9108eb7-8325-45ae-bbaa-2be42e00bbb2','q3aNCiKhBcnT'),(144,240435,'a9dfe691-9992-479d-bd42-be62f36fa390','pODXX9z'),(304,611688,'a9fa487f-d2d4-44a6-905a-a81557091855','NvR8SjCr8U'),(214,968020,'aa10e1bf-3126-4d43-86b9-3e0bf49dbf9c','9kna9WhLqTGT'),(298,884128,'aa30aacb-b54e-41d8-a5e8-7cf5e0b67094','aUVIHoJ'),(440,967197,'aa54819f-c473-4aa8-bb79-c5d64dfeb5eb','3ZzWitsF'),(544,369431,'aa8602c7-601b-474b-8cf6-512c5c5d3ddd','9W0H9dKxDH3L'),(497,83609,'aa95f71a-5c57-4fd2-8720-31657ed6d8ea','f7QofebwN'),(907,533921,'aaf040fc-22ce-4633-80b1-49cc2e3778d7','aIS9Rlld'),(623,490053,'ab11380e-e27e-4ace-8ff6-997526b558a4','F8q1faNJHao'),(371,739800,'ab18ff4f-63a4-424e-a494-d6f4dacd3b12','seQeYtv'),(452,549200,'ab425298-6981-4de0-8039-0224db3b4d57','x6O22m'),(347,327779,'ab518438-2e78-4828-9774-bf4eb56c7b08','75PZbByUsw'),(177,670000,'abe61f18-fa30-4219-9827-d4a4bab5a303','7bDbEWGEVtYO'),(657,40800,'abf49d0c-de1f-4864-89c7-1d5b78e89e6b','OZQTYGFFZwSo'),(140,753192,'acf49bed-15c0-4da2-a249-87e0fadc9bdf','rKztP4imR'),(969,709382,'ad23fff4-119e-4bec-9ae4-1356d6b5d9d4','8eDWICKqazg'),(90,283910,'adb7f0b6-52be-463b-9ec9-4bc5d4f3dd29','atOzuuxT7'),(530,736309,'adf26494-02fd-4bdf-b948-4214349b61c9','NX6LfE'),(574,290509,'ae06534c-ecb5-495d-ad95-205b1ab4e9ca','8JpN2cOXPFRu'),(382,640205,'ae656258-2acf-4ca5-97a6-c93568f9f81c','mbGd5xAc'),(600,484080,'ae8729c5-2db4-4b78-b6f6-d81304566be9','7aHbn8gtwAch'),(127,370629,'ae9c237b-d775-40f2-b39b-a60e9abed549','YOrfhV3d'),(979,262713,'af15224d-6f86-4a90-b6c7-21e99bfdaaa6','TLEXlSZJYM'),(503,379592,'af6be4b1-4ff0-4bfb-9a0f-85f4910d92fe','jv00C0kr9'),(33,10756,'afc88bc0-1835-434a-930f-3c0c62e571f8','VLNNLOvjNM'),(417,48860,'b01be978-c5ba-43d9-8698-3f5c9a5ba49f','baDQZgcpFCZx'),(450,648362,'b04ebedc-028b-4a2d-bb9a-c4cd273ee715','aZCcrnxSl'),(899,63873,'b07f4971-063c-43b3-a728-dcc87f927977','ElCKXdCh'),(891,523090,'b09d8c09-976c-4dc1-b469-a898a07ec5a9','KZDOTIbQuLC'),(129,222524,'b0c10e42-3037-447f-8480-78ad835b1e5d','s8fs6i2s'),(678,554887,'b110eb17-2b8f-4265-bb47-dad1e8d18c95','0oHYLqVKSROG'),(686,74025,'b125587e-15fb-4939-93c5-8e0d2ccf6dad','LkgS9sS7aOb'),(48,207244,'b12dd37f-6abb-4942-bdcb-93b7e91617cf','gDXDkawtgU'),(746,715668,'b15126b1-9cf4-4159-a44b-4ad615356f82','N5cZZ5zB'),(987,923342,'b15c5928-eb61-44f1-97b9-268db3457af2','03O40uP23eT'),(65,216480,'b17a33c3-eac2-4a22-960f-fab7c117a3dd','jyvLOynDCMT'),(853,641701,'b1831aa0-55b7-45fe-aeaa-03ff151c506d','ovxLRDZ1c'),(341,142705,'b1b39e2c-1972-4804-b952-b606b5c49855','G5begrJLh'),(507,796797,'b1b4161c-2848-457e-8c11-9ff61b742796','AhvK7KY'),(666,766790,'b1c1a7ae-83d6-4463-abfe-a0096a7fbdae','ixyBgoy9'),(662,39937,'b1e0b10c-4175-41ca-8593-6ae6c9abeff8','ixXVrA3i'),(695,131798,'b1e607fe-1f01-4b35-b959-8ae2c46b7d3b','LGQHJ0T0b'),(58,339817,'b24e9bb9-5130-476c-90f2-044e77790a60','ZBY8su5sp1u'),(73,845088,'b252d62f-ca92-4c2b-a931-0bfc59927083','KrBZGZ'),(679,466604,'b258f976-d5e6-41ed-a1b6-da8efd5b06ef','OoXw0W'),(128,860251,'b2787587-b53e-440f-8c75-44aee2f0c2f3','hAgzkU'),(414,306867,'b2885388-467b-4e06-b0f1-dc22e9e50ed7','vHPOxO'),(233,755345,'b289bf95-a3f4-4897-94d5-3e5ea3ded6f0','5IIXGPOdkLZy'),(196,400756,'b2cff490-bda4-460b-8c3e-f79743a66269','C8MSrtn'),(886,382006,'b2ec36c6-5043-4e45-9aec-4661d364b24a','fY68R4omB'),(481,321996,'b314be6d-66f7-42cf-9fec-0f13691817b9','8mkf1e'),(647,598472,'b3525660-f1a2-4669-b9e6-8c97ac2a3cd3','lHE3hKKbZaKC'),(91,743844,'b35ce7f3-856d-41b6-b98c-c3ca41465553','6cIlYiJptSE'),(89,966231,'b3769f07-786d-4d3c-a9e0-e663953fd445','h4FuGku7Mr'),(421,945036,'b37d62b6-0d76-49e5-bad8-4c823d13fbc0','H1LQxoiwAjTD'),(102,223685,'b3d127a4-ac81-42d8-94da-49fa692afef3','cDOG4zXoVGq'),(517,915957,'b3de667e-b0ab-4695-a672-37a3328e5e03','wDCMbPQypQ2'),(455,768175,'b3e2dcbe-6a81-4939-a68e-2a46aff904ba','1E4qPn6'),(582,513987,'b4204bb8-a48b-4b48-9347-b1ddca751146','mYYW1GP'),(45,604343,'b4b519c4-f8f4-4847-9c85-8603c21f5c29','ByIQCtnfFB9'),(670,928512,'b4e7b254-159f-4fe4-a75f-8a71c71e6ab3','K5yqxYzVk2I'),(906,698202,'b4f78809-90f6-456b-b3c2-c9f456b931f6','pAkf1swr52'),(975,303014,'b50e0493-c98a-4a1c-85b6-e97a27ec600b','82wdGxQk'),(46,834298,'b510ebb9-fa3f-437f-bbfc-a5f4532995d6','qHijUG'),(394,290425,'b5984647-4729-4e4e-8489-224264003034','3GrzmUKa'),(989,71333,'b5a53d0e-7ac7-46e2-ae3c-2b0bfbbe5169','HoHS2rA'),(381,590836,'b5c3b659-74e5-4785-8411-c1beee843b06','94E7Yi12'),(696,743984,'b5ff936e-3a39-4555-8c69-ea791549f2f4','l9ImmyzLCp'),(499,950976,'b617f842-e7d1-4e01-ac95-3c0aac9ff87f','uQGhWlxYlcI'),(955,570995,'b618db65-d6aa-4b82-8a19-dbad7760cf96','S9PTfXmz'),(814,757040,'b694090e-8b99-4005-89e1-51b503af8596','bedKlk'),(327,877673,'b6a35c64-d2a7-4b7c-9d1a-945fbe0e7d71','TKkPfhh9R'),(638,33089,'b6c421ee-1e8e-45d0-8b26-530e6202ef42','XiTL9oBiqCf'),(333,290977,'b6daf6fb-00bc-4e6d-8f7e-cb50efe91302','SrsgPshDm0V'),(234,347355,'b751051a-b90f-47a9-8a35-b395b07abf78','IVJwfflnM'),(41,54753,'b757c03a-05af-4b53-ac98-fd74ed3dae7e','sOodOVGwW'),(939,84803,'b7dfa1ab-38a0-4dfc-a1ce-818b633e51d0','w6H7nj'),(734,507209,'b8a5dd9a-666a-4b17-83fc-2e7e8c716cf5','bs6BuoJ3C34'),(675,385606,'b8ca16ce-6a92-4324-a9b4-e28571fc3f4e','UVwCVgI'),(665,269728,'b9d0abf5-17a2-40a2-a533-d9302b91c95d','JU2Ty79V4'),(735,886196,'b9e1ee11-b5bc-4975-8d28-7889722afa37','le8STGldBeXp'),(929,925661,'b9f4442f-4eb4-4bf4-afbc-4064aea20622','d9EnXukmh21g'),(179,508550,'ba256bd6-f36c-48bd-bf9c-89d2786cb86e','r5i5rA'),(269,875657,'ba506f27-5f6a-4527-aeed-ba9107a5fc3c','CB3qZ1Li'),(107,238633,'bae392f3-d204-4e1e-940f-3abe5404af1a','iuFYk1rCbiB'),(606,602083,'bb09e33b-b75e-42f3-bf99-39c7db0ea3cc','yGsRXOhbCy'),(553,635074,'bc2380f0-0388-4238-8059-51f3cb9b341c','icMFH3ownGQ'),(774,922378,'bcb23a6b-ff7c-4452-af37-fe013c5f68b9','R9cqhxgx'),(360,993700,'bce40ecb-27ea-4c8f-bafa-e0b46e3ed323','oMFdJIjS'),(945,535375,'bce49c77-7ac9-49b4-9f64-2260a904d530','yYE35gbSs'),(772,535446,'bd14574a-bbd3-4310-bd51-5af506d334c2','tLrnJNFo'),(51,552472,'bd3a902f-11d9-45c6-93f4-93e187ec329e','ZfiZ94rzbDI'),(711,70777,'bd7b8350-f1ca-4f64-97e2-51d349e7d51d','9atuBrs'),(80,289906,'bdbb09ee-fae1-4793-a748-525ec27edbd8','OCoqBjPy8'),(123,581374,'bde0b7ff-2e62-4e8c-ba84-2d7150b3f3c7','wUTwwhuw'),(936,896416,'be541749-a064-4828-b2d0-04b9c7333e4f','lsd6wRelcp'),(518,304281,'be60bb06-7508-40a3-a7b1-abc123905287','78kI5UjUwy2'),(790,942916,'bea934c5-057c-4565-8afc-528e42200419','UIrufpKL1k'),(376,270729,'bf0ef75c-bb1f-4852-b572-ee21f9a478bd','inNee5Iflem'),(693,833528,'bf7af6bd-5177-47f3-b727-7ad348a0f26d','ZqxcY0DWaji'),(773,75260,'bfc1da29-1199-4254-a1ce-ce35a99c8f01','LQGV2d4GZG'),(237,848015,'c01ac67a-81a6-4211-870d-81670495b33c','KdO9go'),(706,896196,'c0661637-343f-48ba-b76e-96e64d06e63c','8WO9NK4yHwa'),(61,240967,'c08b40b2-5956-437a-afd0-6c174664436b','tYiPsfGC9Z9a'),(27,400643,'c0990ffa-9631-4d6b-befb-6c96cec175a2','SDrF6IIVNv'),(671,136554,'c0c8709d-f4cf-4652-b7bb-bb33793e55b9','VjuSPj'),(698,795005,'c0e2ac8f-3ebf-46b7-bdd5-d689157f2d1f','ctccks63oq'),(252,676949,'c0f007b4-c2d2-4fbc-b00c-f59bcccd1b47','kTO1tvwk0egz'),(801,240989,'c138a7d6-c4b4-48c2-b652-cfad8a797f14','tSSQ8UTm'),(227,167137,'c1ff1edf-5eb8-4d41-9c97-1bbb8b288817','o3tI3jZ'),(197,110968,'c2343bd7-e385-4597-b9ec-80a8b22f0717','CoodzMk6mj'),(336,397491,'c2e4dcab-6b1b-4164-83da-f46f4f05d80c','01GNnK'),(840,402996,'c36c1ede-9926-460b-9287-f3755fcac6c3','lnj13wU4SNO'),(687,861904,'c37ce5b9-4bed-45da-b6e3-de4c57ccbbb7','wCNU9BAq1QR6'),(117,855406,'c38d8cf2-47a4-4201-9d62-04cb03cf471a','iGBCKK4yJtx'),(32,461238,'c3a9c46d-dbfb-4499-a2b3-011ee4c7551b','VbZOllPnyetq'),(522,63839,'c3f48d2e-879d-4fdd-a6a3-fa57ed31f4a7','xvuRUXkN5xnY'),(296,880368,'c47d46cc-4f3a-453f-9403-260f358a9644','RDo2pgcGY4Om'),(702,388548,'c49a0024-76a8-4dbf-8ecf-9877b812fc78','ndQZ8PKUGmn'),(716,416758,'c4d4b1c6-a389-4a68-a4df-cdd04232cab1','xT0cPp'),(791,630300,'c54afdaf-fa2d-4314-9e92-2a93f5c60d8f','WrbyvHrILA'),(288,768503,'c5738990-5624-4103-a885-82dc7fafc7c2','tzW9jk2kn'),(56,223847,'c5b6edbf-f4cd-46d7-9be9-5c3e3c8f8a55','1sc9qkH'),(681,262566,'c5ef60cf-8ec8-4ae2-8fc5-731604d896a7','6GC0Gg'),(569,679720,'c5f06a83-b070-42c2-b761-0eab6482e0ba','D1DT0D5Zh'),(914,925442,'c6344583-3018-4521-a493-161c8528dea7','Ar99Tn'),(536,623090,'c674993a-a1ac-4cb1-8fc7-e89390eef0e2','l5gKGAmXQ'),(602,731980,'c6bb5896-2789-4f10-aa60-c2e6a2440e8d','1JFmFtn'),(495,780010,'c79ed8e0-a99a-46db-b16a-93dc09451757','WgQHlWy'),(255,339316,'c7bf53a9-ab51-4ce0-9565-93cef49afc98','F4ldl5yk'),(285,464640,'c7c2229d-73c0-47b5-bd4e-2140907d1fa8','0WnYTrFKxaRF'),(557,542805,'c825fefe-a1c3-4430-8da4-dde17525a16e','PS0U8tK'),(26,573338,'c82c6d47-3bc3-4f05-b52f-8a01ed9a13e5','FMwpiPxQqt'),(852,192373,'c8aeee00-2c9b-4e54-ad53-fecc05b2d44e','qMwXQyhU3TC'),(619,347445,'c8de9237-33b0-48a5-a500-8800d4fc5791','fzR2F3WP'),(785,783446,'c8ec2364-8a93-45cc-b1b9-a50823e9254b','R2oy6uf71aa'),(294,229457,'c917bd5e-4248-4ca2-ae85-4baf2f15ade0','ssle5C'),(764,286107,'c95f7216-06c8-4519-9cb9-58a4a1226b11','iUc3pUNP'),(120,509468,'c964d877-8b90-4c59-b785-25b2731f9b0d','EMc05Xf4vt'),(740,52518,'c98e5c3c-69fc-45e2-9b62-1ae808879b46','OHhilN'),(113,379079,'c9c4e55f-cf90-47a2-a8a5-4932e07a1800','nPiqOC7BdE'),(988,654537,'c9f2f51b-395e-42ec-8c90-9a9c8de82923','yjNQ9M3x'),(709,91828,'ca19d8c2-7de5-474c-9afb-0cf0e14c4aaa','WQJjGNX8m'),(281,326417,'ca34601e-0f16-4012-ab29-340b64ed3436','utwqMcHSp'),(974,955637,'ca5b5ba5-aeea-480d-bd74-573fd2602006','bUwZqeyx'),(741,8363,'ca94ac2a-4177-4039-9048-ff5f439da15c','ilJXZi'),(390,21744,'cad6fb8a-4ce9-49eb-9393-97d9f142646e','wFmEfT9E'),(330,428102,'caf280ad-7c13-47ac-a045-ae85ada628a7','oBWNZN52Tjf3'),(47,806685,'cbb0eb2a-487b-4684-bde1-f1c9cc73fb9c','vVdEih'),(153,461609,'cbc5e77c-b0e1-4a63-bcda-7761617dd9f5','6KRWjo'),(721,453325,'cbfb50bb-54d1-4c89-872c-b85b8a30667a','126a7KrDj'),(410,479524,'cc427e59-3b8f-44dc-9dcd-f012dc61afcf','cho2CZFA'),(854,759156,'cc8c8cf4-6a13-42a5-bd2a-e98c623e2c0a','F4OJEmajBv'),(804,29846,'cc9ead26-281a-4c1c-a99d-a285fef76541','HVxE4srILqt'),(731,323427,'cca00c69-1166-40d9-888e-1b3df34eae8a','K71MdfwNYCI'),(228,761959,'cd08a631-16f3-4006-9461-083ff913e92a','cbwD8XzXDzA'),(535,515993,'cd681a52-2265-4d6e-b016-15910ec833d3','acN6YmeWy'),(672,401217,'cd80421b-d602-46d4-aa83-0df5576b2c6c','UFrOtX8c8'),(326,241034,'cdaf8712-1bed-4b1e-b635-34b84f220f2e','wSW7dcPvgH'),(580,60596,'cdd48e8b-afed-4e53-898c-fa7c51c780cd','D4pGLQK4T'),(152,733463,'cdd9f846-b690-4c56-b943-d1dd9de36ae2','7wNqQfJebdr'),(924,407131,'ce67fbf6-a743-4f0c-b534-381a375d792d','wKXn2QR9tfq'),(81,877906,'cedaf55b-3921-4d76-9295-92b6f83a3a67','oLZiMlr'),(771,555028,'cf820c4e-81a9-4b7e-affc-7d7061b5a59f','XZEt1gz'),(411,797864,'cfb3e7a4-2c0a-4661-9511-cbd7c3abb03b','dKvqJe'),(817,826992,'d0016338-5618-48a5-8f01-b43a5c27023e','ZOerJR4v8L'),(560,486764,'d02337f6-257d-4347-a4a7-40a419b691c1','xX2BGy'),(500,925630,'d06953a0-9c70-4ed1-9de6-5ac544a012a2','kjpi3B'),(86,969509,'d1441d73-2cc0-402b-a970-3788b589394f','NG3Na7RUd'),(893,316161,'d149ccc3-ca45-4d9e-99f8-5ed5fe929549','Q67LxbEx76I'),(116,203154,'d1935f55-7eec-4e48-8b7b-4205d172edd6','NXCspu0x'),(653,125287,'d1ba09a4-a566-43b3-a739-772d4de7a0c6','3rcsb4'),(559,348434,'d206af6b-7c5d-4ffb-bbe4-3765b71d56a5','tZgdLI1J9'),(635,402000,'d25d0023-3191-4677-83cc-59944e7b0d22','gcPcvHf'),(590,447832,'d2733a24-e72d-4abd-80bd-2754c3640026','QqNXecG'),(579,218853,'d2bc2cab-7efd-4917-a9b1-85e3a797ded6','FOL01jfwzL'),(282,143930,'d2e631bc-8766-4261-a611-c922e5a30f34','tOp4KUTiw4'),(494,620878,'d2fcbaed-aa4d-4e65-bae1-a1d9f34b1cc8','zTIjfIGUttL'),(356,820364,'d2ff52ac-c62d-415d-ac13-4695944ab27b','8cSmSjuzj'),(546,282285,'d32efac9-4e26-4088-9a69-938d114e3064','akJ4vfFLSk'),(977,815857,'d36cdf51-3509-412f-8e3c-a07c3024d4c9','vOrPCHwo'),(587,60418,'d36f9e61-326d-49a7-9dce-4af0ebb8dfd0','unPekvR69PEb'),(876,775411,'d3d116e5-6739-4750-9d6c-7c87c67a3907','Is7LXI2'),(555,613387,'d3f3b1d5-e156-451c-9c5b-30d0d00b9596','kEZOay'),(438,696829,'d4081978-eff5-4e5d-9f23-f5dbef88eff8','DPGhHdIPh7'),(84,568889,'d415e1e5-41b8-4c2f-9b99-e0480839ea2c','FUX6WUo'),(249,867688,'d42912ff-cc05-484f-bcf0-9728680bacdf','VvsrwsS'),(563,8230,'d49e1373-c19f-494b-84ec-002ef2394a75','Z2LmpDV'),(2,312948,'d4b03109-296b-4af0-a7cf-a5490341946d','x12Dc6Jh'),(149,841448,'d4c54fc2-043d-4617-86c3-4433a996ef42','k99dUW'),(538,421327,'d4c88fc7-95c5-47cc-89b6-3798bd439d20','47yc7laMWcy'),(807,80601,'d54d45cc-0397-4879-9acf-469e950cd10d','jECen1iO'),(718,348537,'d55cb297-6ac5-48a7-8db7-7f9d86302d22','2QnE1f'),(634,688126,'d5622348-3b84-4514-a01f-adb091bf3ddf','CY2qoaBBl'),(155,311058,'d599519b-8e1f-4e73-b774-11f0bd1cebdd','BRDuMolC'),(213,104538,'d633a3c9-cefa-45d2-8459-3e8f94013e67','oPxW2W3'),(139,194826,'d639155b-2f2a-41d1-8544-3ab49163fe41','RlgaSHqEV8x'),(34,742490,'d63a71ba-00c3-4510-9890-896e3d3e08c0','a4nhDNkiY'),(849,379112,'d69e30a9-4a69-40d4-9c72-1d2946cad9cb','WI059fGsvBdz'),(444,888479,'d6a739a9-ba2d-4086-b1da-d1de6a4b9feb','66jSSeIJ5K'),(951,483664,'d6e5a422-b0e5-430a-82ca-a69e082ed66f','l7UPKzx4G'),(202,278636,'d73f65b6-30d0-459c-9ff7-5d5f271ec4b9','RzaqGQhkXk4'),(166,309871,'d7a9b6a1-23c0-44b7-8cc3-d7296f76ec69','lrs23fKU6V'),(502,2524,'d7cfe7c8-dd84-4d6c-a70a-350d0e51aa8b','rMZBveuUAe'),(335,49571,'d7d2d82c-ed9e-4ffc-9226-6064785d6ea5','ji6WPA'),(183,674372,'d81b642a-b0f3-4318-8c91-00e8efbe2ea7','XmmheDDx3rlP'),(622,894752,'d8606381-d714-40c7-828a-76d52bddc2cc','nE0c0kH'),(652,836403,'d862fe02-b1d6-4430-a6df-fb52251783a0','EJ8XbgsbUWos'),(928,835863,'d864e7b7-9ff0-493e-a60f-05c6f5e23c6f','tBqjaWb'),(469,989791,'d8c373f4-2d71-45ba-881f-df8971e1d615','7j3ND3'),(240,349846,'d91a3a6c-0ccc-4aed-974e-fc9b8b07eef8','pS5yETXn'),(837,406028,'d938e45c-517a-4169-8ad0-fa754c2687a5','hqKTzksM'),(370,526747,'d9487737-035a-4d63-8ed3-49be80b77958','BSQ2VSyiDi'),(93,239088,'d962825a-f3ec-429f-9338-bd3e1b263dcd','HbfeBYix'),(543,255656,'d9e8f770-1d47-49cf-ba45-c34c97156f92','SyXRyCZ'),(626,634207,'da3f8b77-a9b9-4ddb-81ae-ae2323e1fd05','elyTO4FD5o'),(933,740859,'da519e9c-4dea-43d6-b9e5-7ce3931a6e03','0ywSdLMJoxS'),(858,720809,'da8ca09d-71e4-4bc9-b2bd-217ab7a65489','tHSku41'),(851,892354,'daec418b-ef45-4951-93a6-03f5c6a2ace0','JiM0kvq'),(404,819856,'db2709b7-a6b0-410d-9a24-758898ebe054','WvhDZv'),(275,693690,'dc075ebc-192e-41a6-ac9e-26ef606e37c7','EyM1RQNnkpL'),(259,504775,'dc370fc4-33ae-4267-b83a-3b30908eae96','lvsvKJOwjLc'),(931,154517,'dc4069d5-c638-4b50-85f7-7ca81e9f421b','7Wicgzwgf7ZT'),(813,765880,'dcc8ea9a-5edc-42ff-b9db-8f3def10bd82','iL7suNdV5E'),(190,161962,'dd368a16-5eea-4eda-a916-da3ea6853b41','WN2caZxvTdo'),(586,598260,'dd79cd74-4f05-4af6-b224-313ee34a72ac','Z6xgt43SQblJ'),(72,475601,'dde29792-252e-4dd2-837a-774bcd73e349','C6nXkCoTKCo'),(754,559539,'de0b4244-4a70-477d-88ba-dc0905ad2978','aJ3IxUj'),(25,335006,'de375a10-a215-46b1-80a5-76a5651c61df','eHH3K4VLarE'),(442,465685,'def659df-e740-4eaa-99a3-d3e919ce2c84','18OO5FwH'),(733,647522,'df657dad-2c1f-4509-b549-eda5dfdf21b7','0wZf6e'),(402,388861,'dfe88ef3-53be-455a-a111-596da29e5e22','hJkWRdY8m4'),(835,362733,'e0d01366-e74d-4dc2-a3c6-f85ee86f6c55','t83MuU94IA'),(476,546048,'e158a596-17e6-42e3-89ce-626f34772f6d','KWVTpr'),(104,712705,'e17ddab6-fab2-416a-9ba2-d580957dbfa9','Du20BDiu'),(984,401337,'e233374d-5142-4ef0-af4e-7488b5c22067','g8xczMAW6'),(241,952570,'e2874f6c-0bf6-48e4-aac7-6e1ec7e18309','1Ener48p'),(918,910652,'e2b8ba11-7d61-4ef7-bffd-81139ed3ba85','N7cy7PJ'),(610,331398,'e31120e4-a184-4895-9ff9-2ff5f888b63f','QVzqcy08zqRb'),(910,993862,'e32d14a3-fd38-43be-9754-76a5b1215fb5','0z5olHZ'),(76,839152,'e32f0d29-4c96-4a43-a0fb-9004febfcc5d','2OMjSCfZdSP'),(889,559749,'e359e64b-7f21-4563-acd9-497d9c78a67d','7tHBXMCScS'),(783,87174,'e377a61f-57ed-4ec5-a93d-18cd47d8a46b','b3Eqcb'),(50,80007,'e40d1c95-bae4-4dba-b663-76c594a4e41d','C5Ckg2K'),(30,787008,'e436aed2-6a4f-488f-bcce-e3b6e7858d17','qkgnc0F'),(842,618753,'e46d1360-d432-4aaf-9d9e-e72e81ac17fc','eW8gUrkp6JK8'),(750,635421,'e48a5284-13a8-43ef-a34a-f65c379ff398','WAQhJrjF2'),(418,703697,'e4f3b537-4c0e-42f5-98cb-40cb79f53bc3','kHwCkwhgD'),(182,106573,'e5492dcc-e1d3-4d71-8c8d-e31809e74583','qYnqcX5daeQu'),(506,462771,'e5896c07-e8a9-4a33-85a3-184df4db8678','EBUqVJmo'),(581,744040,'e59ad8c3-cafd-436e-9c68-698ca8402fe4','S3FvnFm'),(403,80876,'e63e6a3e-bfec-46e6-b8af-7d743270f85b','WpAZiMzRb'),(992,943709,'e65146be-4e75-48a7-b4fb-da61d548179b','q6P6va5g'),(949,739450,'e6db7a22-8bd3-4ba0-9555-70cb0a362d2b','QrgnNoV'),(351,493466,'e706ecd7-a6b1-4c25-bba8-d89ea574f634','zjwpwu0'),(550,467524,'e79e9494-b7c1-4501-a2e9-eeaf6a3e1d8f','yMTlLtc'),(627,789860,'e7c82984-980c-4c62-8924-22aeccd2385a','ZSCJmWOI3x'),(997,70222,'e7da9197-2549-47ed-981c-d907e8a8d98f','A6dkeaEycC'),(798,238259,'e7e68d24-1f1d-426d-8c5a-5f4bd1f53462','qDPZh07H62'),(871,599880,'e8397db9-700f-48cd-a458-48140b59f201','2KZqJJLP3k'),(375,704193,'e850176b-287f-4d97-8d3a-bddf4989ee45','hurHKIoU'),(125,809733,'e86ca4d6-5a3c-4ed4-848c-c8de67caca73','UzpGPhpSRX'),(595,643239,'e8ef9a72-500e-4b87-801f-3e532997f418','zDoNlQ'),(815,959270,'ea344934-bf13-43f7-aa06-e271a77777c2','tsvLU6k8IH'),(199,89289,'ea36e973-f97f-43ce-977c-f23538a11a80','qdmmxpd'),(621,770094,'ea446425-1611-45d9-b775-e7df6e8f826b','ai3Rho'),(151,115079,'ea45c88d-0c89-44a6-ba99-2578d5c40915','Jaooi7ArxK'),(322,882986,'ea750683-1f5e-4f14-a102-6c8b415ac7bd','024AV5MNf'),(927,969582,'eac2f7e2-ce4e-4378-93aa-4233e15dbb57','Z9ax7m6'),(948,951603,'eadc20c9-a71f-4c95-8bce-b736cf5e36c3','aAqy0rGzvc'),(468,745744,'eb21eddc-30f9-43f8-aae7-eecc09cb01a3','ULkrzM'),(879,278536,'eb5d45a1-7369-4afe-bdd7-af6d1b671dea','HJ1EieCpca9m'),(110,614809,'ebb599d5-8f4a-4f57-b4e2-8fa3a7736de9','DeBys5pN'),(75,596808,'ebdd8a02-ab0d-455c-9ad1-743b43278a76','Zd4R22asp9'),(618,347080,'ec148f2b-12cd-4aff-a2d8-26172a4ec37f','Oa1rKIX'),(561,624782,'ec3fe64a-2bb6-498f-b2bc-ca3887fbdfba','aT4a4w'),(493,21171,'ec67c2dc-343c-4227-842c-d293c5c725c3','EGAii9USQt'),(460,437610,'ecab51ca-30a1-4505-b887-07cc4c24885a','AqDFnTsL'),(276,946643,'ede01262-1a06-4386-b4ed-d5562b879876','3w7pHaV'),(419,133075,'edffd6ba-dd83-491e-b5de-cbb748f5dbbe','MNAh4Z'),(770,885353,'ee35fced-46db-43aa-873f-6074d559c6a5','DdN8ar1D'),(136,733107,'eec47d4d-934f-4757-83e9-6c3eeb5b4041','HHkV657UJBo'),(163,815051,'eef9eb01-b6b5-4644-a910-a49e5e688583','i0mNHz7V'),(195,310301,'efa13f55-5a29-4c49-b9ec-1c9e523d5165','6BupTbtxa'),(896,643346,'efc78b5b-7f50-4898-a69d-e31bd4b1d925','naUBrs'),(620,458112,'efd191d4-91ba-4867-99b6-9bac0a5eb178','Uneiq6t6PYy'),(836,415666,'f01dbeb7-7ff0-4cdf-b14d-7a432cb8bf76','heqUVk'),(401,731720,'f09ad9d3-400a-4dc4-9d3c-c0c4569e8b0f','OBqZ6fODRD'),(217,268722,'f1129f4b-83c7-4655-b4b4-a81842705d74','HZPaTKNoMR4'),(478,650052,'f12e8081-45b8-4112-9dbc-5db301ea9d69','r17ppYi'),(915,608901,'f1e1af45-4ac4-4663-9102-c71a143bf35e','6saPOLH'),(862,214139,'f1f7fb0c-7f55-4c17-963a-56e2facb6c01','5prr1lmz'),(405,451090,'f2209d6d-6440-4175-b123-da1d9326e102','qJILo3'),(882,679933,'f227f5fa-e42d-4d63-b82b-cae2a96eee74','71YZVn'),(639,449079,'f2efedf6-d94b-40f1-8107-c728eb5e4677','MbnkF9aUYRLN'),(415,309355,'f370d89f-d7d4-457e-b20f-041903e21483','QH0A56mGic1'),(222,882484,'f3b2ea43-4bef-463a-a2da-8cb8d3cb180a','UhTM3Wr'),(467,748812,'f3eb6923-7b89-479e-afc2-808f55013df9','t65A0A'),(952,108302,'f41c22bb-1e06-46e9-b3de-52a66a636b1f','rIRnD0OKve'),(68,494697,'f4af725e-7192-48ea-8bf3-7f276c86f0c3','98YB2P'),(409,242674,'f4ca1f0d-6a6b-4827-8000-a906d486a336','CeIdpfRsOV'),(338,486653,'f5764ed5-c255-426f-a3a2-aae7cfb08835','SyO3Fr'),(794,788334,'f5c66e41-2e90-4627-8ef2-d77ee9733eb1','CgJ1lv'),(283,573423,'f5e477c5-2212-41f0-92b5-8c1e247bd5ca','tlqbHd9tq'),(636,393296,'f5ed6ecc-77ae-41d1-a6d6-8eb7801d24a4','la44vYyE'),(714,178585,'f5ee37cf-e9c5-44a2-9542-6cde3bd91a80','sU0lt1yYsX'),(220,794979,'f61f86f9-cf4e-45b6-a0b2-35b9ba53f7e8','7zJXJaiVM'),(803,672178,'f65074b4-5aa0-459e-8457-79889f78ddf7','pZPfJS'),(524,809382,'f6b0a8d0-86db-49e7-bc2a-0e7f0428a273','8sqwx3'),(147,900692,'f6dad17b-c455-4065-8466-ca5be198c751','GjpCRVsH'),(937,75754,'f712c119-9cda-49ad-bb0d-eb142fc895ac','SSm57K4'),(378,618907,'f7429756-ba39-406b-8003-450cbc00079e','l7cOsIx'),(660,261437,'f77f973d-96d5-4192-be87-a492014ef005','mzW4hM8WCsP'),(131,37644,'f81829c5-96c2-4369-aea9-8359e3945cf6','WTRGnf'),(834,761017,'f864ac8e-40a4-40d7-b9b8-7ce7e4cfb849','ZYk1ArZP'),(408,833458,'f935031e-7d29-45a4-9e6d-0d979405b3d7','IaOiApVE'),(759,732335,'f9547a1a-1862-4142-87eb-666840050f1b','avrIfHzt'),(475,290869,'f964e17a-2c01-4af7-bae5-fcd427147fc5','BTb80iiGCG'),(361,114980,'f9ad2507-54fc-4bf9-b193-5c87add6bc8a','ucYG7pcY'),(295,90246,'fa4b94c0-2416-4a43-b10e-96f091a10608','LbS5qpOrSyIo'),(922,221449,'fa61256e-030c-4f7c-80de-4dc773b2a545','CpQIY9JwmL'),(659,328858,'fa62b797-bd4c-430c-85ae-46e1c6492e09','gHgbmWK5Awx'),(453,591952,'fa7c6750-b07a-4b49-884e-be07667a4ea6','acuPXsY'),(496,655473,'fbaedaaf-989e-41ef-a3dc-f43f28600389','MFkxNvUL'),(956,891269,'fc16fdcd-cf30-4ff2-940d-55e7ace834e8','okNFdfjl1bO'),(277,924706,'fc2b96ca-bf2d-4481-a6fe-256532750104','U2W16JzCI'),(238,926310,'fcd2cc8e-54b9-4882-b627-b606733477cf','LX2mdBtElMBC'),(727,108397,'fd321216-a9fb-4ca6-ae07-1b327117e253','vxUPFv4h'),(312,455388,'fe00968f-ab10-4dfb-9e5c-5b89f41a9dbd','De4w5a'),(930,915201,'fe34ad01-655e-47c7-b4f7-d03f957f865e','h8Dui3T0'),(35,610941,'fe3addc7-ca70-45fe-9fd1-c5c431d19c62','zOEEI4Vz'),(203,461538,'fe730434-e3b3-4808-872f-1c8564efc24f','ljMeLl9rvYb'),(98,920565,'fe93b530-cb48-40dc-93c4-454460c2e1ab','digd6QPO'),(71,300309,'ff1345a1-6927-4a61-a956-4292d129d1e4','d5li7XHAA2'),(314,525718,'ff3772a4-04f6-4bb2-9755-9c8d2ee942ea','6Ru9lRqZFrl'),(9,241268,'ff3b294e-ee48-4826-8e6a-3d7ad84dfd87','vZQxIo'),(20,904495,'ffc80d99-fc8e-4bfe-ad59-f558681d955b','UackOzwrYe1t');
/*!40000 ALTER TABLE `sellers` ENABLE KEYS */;
UNLOCK TABLES;

--
-- Table structure for table `users`
--

DROP TABLE IF EXISTS `users`;
/*!40101 SET @saved_cs_client     = @@character_set_client */;
/*!50503 SET character_set_client = utf8mb4 */;
CREATE TABLE `users` (
  `Unique_ID` int NOT NULL AUTO_INCREMENT,
  PRIMARY KEY (`Unique_ID`),
  UNIQUE KEY `Unique_ID_UNIQUE` (`Unique_ID`)
) ENGINE=InnoDB AUTO_INCREMENT=9782 DEFAULT CHARSET=utf8mb4 COLLATE=utf8mb4_0900_ai_ci;
/*!40101 SET character_set_client = @saved_cs_client */;

--
-- Dumping data for table `users`
--

LOCK TABLES `users` WRITE;
/*!40000 ALTER TABLE `users` DISABLE KEYS */;
INSERT INTO `users` VALUES (1),(2),(3),(4),(5),(6),(7),(8),(9),(10),(11),(12),(13),(14),(15),(16),(17),(18),(19),(20),(21),(22),(23),(24),(25),(26),(27),(28),(29),(30),(31),(32),(33),(34),(35),(36),(37),(38),(39),(40),(41),(42),(43),(44),(45),(46),(47),(48),(49),(50),(51),(52),(53),(54),(55),(56),(57),(58),(59),(60),(61),(62),(63),(64),(65),(66),(67),(68),(69),(70),(71),(72),(73),(74),(75),(76),(77),(78),(79),(80),(81),(82),(83),(84),(85),(86),(87),(88),(89),(90),(91),(92),(93),(94),(95),(96),(97),(98),(99),(100),(101),(102),(103),(104),(105),(106),(107),(108),(109),(110),(111),(112),(113),(114),(115),(116),(117),(118),(119),(120),(121),(122),(123),(124),(125),(126),(127),(128),(129),(130),(131),(132),(133),(134),(135),(136),(137),(138),(139),(140),(141),(142),(143),(144),(145),(146),(147),(148),(149),(150),(151),(152),(153),(154),(155),(156),(157),(158),(159),(160),(161),(162),(163),(164),(165),(166),(167),(168),(169),(170),(171),(172),(173),(174),(175),(176),(177),(178),(179),(180),(181),(182),(183),(184),(185),(186),(187),(188),(189),(190),(191),(192),(193),(194),(195),(196),(197),(198),(199),(200),(201),(202),(203),(204),(205),(206),(207),(208),(209),(210),(211),(212),(213),(214),(215),(216),(217),(218),(219),(220),(221),(222),(223),(224),(225),(226),(227),(228),(229),(230),(231),(232),(233),(234),(235),(236),(237),(238),(239),(240),(241),(242),(243),(244),(245),(246),(247),(248),(249),(250),(251),(252),(253),(254),(255),(256),(257),(258),(259),(260),(261),(262),(263),(264),(265),(266),(267),(268),(269),(270),(271),(272),(273),(274),(275),(276),(277),(278),(279),(280),(281),(282),(283),(284),(285),(286),(287),(288),(289),(290),(291),(292),(293),(294),(295),(296),(297),(298),(299),(300),(301),(302),(303),(304),(305),(306),(307),(308),(309),(310),(311),(312),(313),(314),(315),(316),(317),(318),(319),(320),(321),(322),(323),(324),(325),(326),(327),(328),(329),(330),(331),(332),(333),(334),(335),(336),(337),(338),(339),(340),(341),(342),(343),(344),(345),(346),(347),(348),(349),(350),(351),(352),(353),(354),(355),(356),(357),(358),(359),(360),(361),(362),(363),(364),(365),(366),(367),(368),(369),(370),(371),(372),(373),(374),(375),(376),(377),(378),(379),(380),(381),(382),(383),(384),(385),(386),(387),(388),(389),(390),(391),(392),(393),(394),(395),(396),(397),(398),(399),(400),(401),(402),(403),(404),(405),(406),(407),(408),(409),(410),(411),(412),(413),(414),(415),(416),(417),(418),(419),(420),(421),(422),(423),(424),(425),(426),(427),(428),(429),(430),(431),(432),(433),(434),(435),(436),(437),(438),(439),(440),(441),(442),(443),(444),(445),(446),(447),(448),(449),(450),(451),(452),(453),(454),(455),(456),(457),(458),(459),(460),(461),(462),(463),(464),(465),(466),(467),(468),(469),(470),(471),(472),(473),(474),(475),(476),(477),(478),(479),(480),(481),(482),(483),(484),(485),(486),(487),(488),(489),(490),(491),(492),(493),(494),(495),(496),(497),(498),(499),(500),(501),(502),(503),(504),(505),(506),(507),(508),(509),(510),(511),(512),(513),(514),(515),(516),(517),(518),(519),(520),(521),(522),(523),(524),(525),(526),(527),(528),(529),(530),(531),(532),(533),(534),(535),(536),(537),(538),(539),(540),(541),(542),(543),(544),(545),(546),(547),(548),(549),(550),(551),(552),(553),(554),(555),(556),(557),(558),(559),(560),(561),(562),(563),(564),(565),(566),(567),(568),(569),(570),(571),(572),(573),(574),(575),(576),(577),(578),(579),(580),(581),(582),(583),(584),(585),(586),(587),(588),(589),(590),(591),(592),(593),(594),(595),(596),(597),(598),(599),(600),(601),(602),(603),(604),(605),(606),(607),(608),(609),(610),(611),(612),(613),(614),(615),(616),(617),(618),(619),(620),(621),(622),(623),(624),(625),(626),(627),(628),(629),(630),(631),(632),(633),(634),(635),(636),(637),(638),(639),(640),(641),(642),(643),(644),(645),(646),(647),(648),(649),(650),(651),(652),(653),(654),(655),(656),(657),(658),(659),(660),(661),(662),(663),(664),(665),(666),(667),(668),(669),(670),(671),(672),(673),(674),(675),(676),(677),(678),(679),(680),(681),(682),(683),(684),(685),(686),(687),(688),(689),(690),(691),(692),(693),(694),(695),(696),(697),(698),(699),(700),(701),(702),(703),(704),(705),(706),(707),(708),(709),(710),(711),(712),(713),(714),(715),(716),(717),(718),(719),(720),(721),(722),(723),(724),(725),(726),(727),(728),(729),(730),(731),(732),(733),(734),(735),(736),(737),(738),(739),(740),(741),(742),(743),(744),(745),(746),(747),(748),(749),(750),(751),(752),(753),(754),(755),(756),(757),(758),(759),(760),(761),(762),(763),(764),(765),(766),(767),(768),(769),(770),(771),(772),(773),(774),(775),(776),(777),(778),(779),(780),(781),(782),(783),(784),(785),(786),(787),(788),(789),(790),(791),(792),(793),(794),(795),(796),(797),(798),(799),(800),(801),(802),(803),(804),(805),(806),(807),(808),(809),(810),(811),(812),(813),(814),(815),(816),(817),(818),(819),(820),(821),(822),(823),(824),(825),(826),(827),(828),(829),(830),(831),(832),(833),(834),(835),(836),(837),(838),(839),(840),(841),(842),(843),(844),(845),(846),(847),(848),(849),(850),(851),(852),(853),(854),(855),(856),(857),(858),(859),(860),(861),(862),(863),(864),(865),(866),(867),(868),(869),(870),(871),(872),(873),(874),(875),(876),(877),(878),(879),(880),(881),(882),(883),(884),(885),(886),(887),(888),(889),(890),(891),(892),(893),(894),(895),(896),(897),(898),(899),(900),(901),(902),(903),(904),(905),(906),(907),(908),(909),(910),(911),(912),(913),(914),(915),(916),(917),(918),(919),(920),(921),(922),(923),(924),(925),(926),(927),(928),(929),(930),(931),(932),(933),(934),(935),(936),(937),(938),(939),(940),(941),(942),(943),(944),(945),(946),(947),(948),(949),(950),(951),(952),(953),(954),(955),(956),(957),(958),(959),(960),(961),(962),(963),(964),(965),(966),(967),(968),(969),(970),(971),(972),(973),(974),(975),(976),(977),(978),(979),(980),(981),(982),(983),(984),(985),(986),(987),(988),(989),(990),(991),(992),(993),(994),(995),(996),(997),(998),(999),(1000);
/*!40000 ALTER TABLE `users` ENABLE KEYS */;
UNLOCK TABLES;

--
-- Dumping events for database 'dbmsproj'
--

--
-- Dumping routines for database 'dbmsproj'
--
/*!40103 SET TIME_ZONE=@OLD_TIME_ZONE */;

/*!40101 SET SQL_MODE=@OLD_SQL_MODE */;
/*!40014 SET FOREIGN_KEY_CHECKS=@OLD_FOREIGN_KEY_CHECKS */;
/*!40014 SET UNIQUE_CHECKS=@OLD_UNIQUE_CHECKS */;
/*!40101 SET CHARACTER_SET_CLIENT=@OLD_CHARACTER_SET_CLIENT */;
/*!40101 SET CHARACTER_SET_RESULTS=@OLD_CHARACTER_SET_RESULTS */;
/*!40101 SET COLLATION_CONNECTION=@OLD_COLLATION_CONNECTION */;
/*!40111 SET SQL_NOTES=@OLD_SQL_NOTES */;

-- Dump completed on 2023-02-12  1:12:08
